Workbook
Name mm: plan!$AN$88

Sheet plan
C1: določi ure proizvodnje | J1: 24 | N1: 24 | R1: 24 | V1: 24 | Z1: 24 | AD1: 24 | AH1: 24 | AL1: 24 | AP1: 24 | AT1: 24 | AX1: 24 | BB1: 24 | BF1: 24 | BJ1: 24 | BN1: 24 | BR1: 24 | BV1: 24 | BZ1: 24 | CD1: 24 | CH1: 24 | CL1: 24 | CP1: 24 | CT1: 24 | CX1: 24 | DB1: 24 | DF1: 24 | DJ1: 24 | DN1: 24 | DR1: 24
H4: 45873 | L4: =IF(WEEKDAY(H4,2)=5,H4+3,H4+1) -> 45874 | P4: =IF(WEEKDAY(L4,2)=5,L4+3,L4+1) -> 45875 | T4: =IF(WEEKDAY(P4,2)=5,P4+3,P4+1) -> 45876 | X4: =IF(WEEKDAY(T4,2)=5,T4+3,T4+1) -> 45877 | AB4: =IF(WEEKDAY(X4,2)=5,X4+3,X4+1) -> 45880 | AF4: =IF(WEEKDAY(AB4,2)=5,AB4+3,AB4+1) -> 45881 | AJ4: =IF(WEEKDAY(AF4,2)=5,AF4+3,AF4+1) -> 45882 | AN4: =IF(WEEKDAY(AJ4,2)=5,AJ4+3,AJ4+1) -> 45883 | AR4: 45887 | AV4: =IF(WEEKDAY(AR4,2)=5,AR4+3,AR4+1) -> 45888 | AZ4: =IF(WEEKDAY(AV4,2)=5,AV4+3,AV4+1) -> 45889 | BD4: =IF(WEEKDAY(AZ4,2)=5,AZ4+3,AZ4+1) -> 45890 | BH4: =IF(WEEKDAY(BD4,2)=5,BD4+3,BD4+1) -> 45891 | BL4: =IF(WEEKDAY(BH4,2)=5,BH4+3,BH4+1) -> 45894 | BP4: =IF(WEEKDAY(BL4,2)=5,BL4+3,BL4+1) -> 45895 | BT4: =IF(WEEKDAY(BP4,2)=5,BP4+3,BP4+1) -> 45896 | BX4: =IF(WEEKDAY(BT4,2)=5,BT4+3,BT4+1) -> 45897 | CB4: =IF(WEEKDAY(BX4,2)=5,BX4+3,BX4+1) -> 45898 | CF4: =IF(WEEKDAY(CB4,2)=5,CB4+3,CB4+1) -> 45901 | CJ4: =IF(WEEKDAY(CF4,2)=5,CF4+3,CF4+1) -> 45902 | CN4: =IF(WEEKDAY(CJ4,2)=5,CJ4+3,CJ4+1) -> 45903 | CR4: =IF(WEEKDAY(CN4,2)=5,CN4+3,CN4+1) -> 45904 | CV4: =IF(WEEKDAY(CR4,2)=5,CR4+3,CR4+1) -> 45905 | CZ4: =IF(WEEKDAY(CV4,2)=5,CV4+3,CV4+1) -> 45908 | DD4: =IF(WEEKDAY(CZ4,2)=5,CZ4+3,CZ4+1) -> 45909 | DH4: =IF(WEEKDAY(DD4,2)=5,DD4+3,DD4+1) -> 45910 | DL4: =IF(WEEKDAY(DH4,2)=5,DH4+3,DH4+1) -> 45911 | DP4: =IF(WEEKDAY(DL4,2)=5,DL4+3,DL4+1) -> 45912
C5: Status plana | H5: =IF(D4<=$C$55,"Fiksno","V pripravi") -> Fiksno | L5: =IF(H4<=$C$55,"Fiksno","V pripravi") -> Fiksno | P5: =IF(L4<=$C$55,"Fiksno","V pripravi") -> Fiksno | T5: =IF(P4<=$C$55,"Fiksno","V pripravi") -> Fiksno | X5: =IF(T4<=$C$55,"Fiksno","V pripravi") -> Fiksno | AB5: =IF(X4<=$C$55,"Fiksno","V pripravi") -> Fiksno | AF5: =IF(AB4<=$C$55,"Fiksno","V pripravi") -> Fiksno | AJ5: =IF(AF4<=$C$55,"Fiksno","V pripravi") -> Fiksno | AN5: =IF(AJ4<=$C$55,"Fiksno","V pripravi") -> Fiksno | AR5: =IF(AN4<=$C$55,"Fiksno","V pripravi") -> V pripravi | AV5: =IF(AR4<=$C$55,"Fiksno","V pripravi") -> V pripravi | AZ5: =IF(AV4<=$C$55,"Fiksno","V pripravi") -> V pripravi | BD5: =IF(AZ4<=$C$55,"Fiksno","V pripravi") -> V pripravi | BH5: =IF(BD4<=$C$55,"Fiksno","V pripravi") -> V pripravi | BL5: =IF(BH4<=$C$55,"Fiksno","V pripravi") -> V pripravi | BP5: =IF(BL4<=$C$55,"Fiksno","V pripravi") -> V pripravi | BT5: =IF(BP4<=$C$55,"Fiksno","V pripravi") -> V pripravi | BX5: =IF(BT4<=$C$55,"Fiksno","V pripravi") -> V pripravi | CB5: =IF(BX4<=$C$55,"Fiksno","V pripravi") -> V pripravi | CF5: =IF(CB4<=$C$55,"Fiksno","V pripravi") -> V pripravi | CJ5: =IF(CF4<=$C$55,"Fiksno","V pripravi") -> V pripravi | CN5: =IF(CJ4<=$C$55,"Fiksno","V pripravi") -> V pripravi | CR5: =IF(CN4<=$C$55,"Fiksno","V pripravi") -> V pripravi | CV5: =IF(CR4<=$C$55,"Fiksno","V pripravi") -> V pripravi | CZ5: =IF(CV4<=$C$55,"Fiksno","V pripravi") -> V pripravi | DD5: =IF(CZ4<=$C$55,"Fiksno","V pripravi") -> V pripravi | DH5: =IF(DD4<=$C$55,"Fiksno","V pripravi") -> V pripravi | DL5: =IF(DH4<=$C$55,"Fiksno","V pripravi") -> V pripravi | DP5: =IF(DL4<=$C$55,"Fiksno","V pripravi") -> V pripravi
B6: Stroji za brizganje | E6: =D4 -> 0 | F6: posluž: | G6: =SUM(G9:G52) -> 0 | I6: =H4 -> 45873 | J6: posluž: | K6: =SUM(K9:K52) -> 3.75 | M6: =L4 -> 45874 | N6: posluž: | O6: =SUM(O9:O52) -> 4.5 | Q6: =P4 -> 45875 | R6: posluž: | S6: =SUM(S9:S52) -> 4.5 | U6: =T4 -> 45876 | V6: posluž: | W6: =SUM(W9:W52) -> 4.5 | Y6: =X4 -> 45877 | Z6: posluž: | AA6: =SUM(AA9:AA52) -> 4.25 | AC6: =AB4 -> 45880 | AD6: posluž: | AE6: =SUM(AE9:AE52) -> 4.5 | AG6: =AF4 -> 45881 | AH6: posluž: | AI6: =SUM(AI9:AI52) -> 4.75 | AK6: =AJ4 -> 45882 | AL6: posluž: | AM6: =SUM(AM9:AM52) -> 4.75 | AO6: =AN4 -> 45883 | AP6: posluž: | AQ6: =SUM(AQ9:AQ52) -> 4.25 | AS6: =AR4 -> 45887 | AT6: posluž: | AU6: =SUM(AU9:AU52) -> 3.5 | AW6: =AV4 -> 45888 | AX6: posluž: | AY6: =SUM(AY9:AY52) -> 2 | BA6: =AZ4 -> 45889 | BB6: posluž: | BC6: =SUM(BC9:BC52) -> 2.5 | BE6: =BD4 -> 45890 | BF6: posluž: | BG6: =SUM(BG9:BG52) -> 3.5 | BI6: =BH4 -> 45891 | BJ6: posluž: | BK6: =SUM(BK9:BK52) -> 3.5 | BM6: =BL4 -> 45894 | BN6: posluž: | BO6: =SUM(BO9:BO52) -> 2.5 | BQ6: =BP4 -> 45895 | BR6: posluž: | BS6: =SUM(BS9:BS52) -> 2.25 | BU6: =BT4 -> 45896 | BV6: posluž: | BW6: =SUM(BW9:BW52) -> 2.5 | BY6: =BX4 -> 45897 | BZ6: posluž: | CA6: =SUM(CA9:CA52) -> 3 | CC6: =CB4 -> 45898 | CD6: posluž: | CE6: =SUM(CE9:CE52) -> 2.5 | CG6: =CF4 -> 45901 | CH6: posluž: | CI6: =SUM(CI9:CI52) -> 3.25 | CK6: =CJ4 -> 45902 | CL6: posluž: | CM6: =SUM(CM9:CM52) -> 3.25 | CO6: =CN4 -> 45903 | CP6: posluž: | CQ6: =SUM(CQ9:CQ52) -> 3.25 | CS6: =CR4 -> 45904 | CT6: posluž: | CU6: =SUM(CU9:CU52) -> 2.25 | CW6: =CV4 -> 45905 | CX6: posluž: | CY6: =SUM(CY9:CY52) -> 0.75 | DA6: =CZ4 -> 45908 | DB6: posluž: | DC6: =SUM(DC9:DC52) -> 0 | DE6: =DD4 -> 45909 | DF6: posluž: | DG6: =SUM(DG9:DG52) -> 0 | DI6: =DH4 -> 45910 | DJ6: posluž: | DK6: =SUM(DK9:DK52) -> 0 | DM6: =DL4 -> 45911 | DN6: posluž: | DO6: =SUM(DO9:DO52) -> 0 | DQ6: =DP4 -> 45912 | DR6: posluž: | DS6: =SUM(DS9:DS52) -> 0
F7: menjav | G7: =E67 -> #REF! | H7: =I68 -> 0.55555556 | J7: menjav | K7: =I67 -> 8 | L7: =M68 -> 0.38888889 | N7: menjav | O7: =M67 -> 4 | P7: =Q68 -> 0.33333333 | R7: menjav | S7: =Q67 -> 3 | T7: =U68 -> 0.33333333 | V7: menjav | W7: =U67 -> 4 | X7: =Y68 -> 0.38888889 | Z7: menjav | AA7: =Y67 -> 2 | AB7: =AC68 -> 0.5 | AD7: menjav | AE7: =AC67 -> 2 | AF7: =AG68 -> 0.44444444 | AH7: menjav | AI7: =AG67 -> 3 | AJ7: =AK68 -> 0.44444444 | AL7: menjav | AM7: =AK67 -> 0 | AN7: =AO68 -> 0.44444444 | AP7: menjav | AQ7: =AO67 -> 2 | AR7: =AS68 -> 0.61111111 | AT7: menjav | AU7: =AS67 -> 4 | AV7: =AW68 -> 0.61111111 | AX7: menjav | AY7: =AW67 -> 2 | AZ7: =BA68 -> 0.61111111 | BB7: menjav | BC7: =BA67 -> 2 | BD7: =BE68 -> 0.5 | BF7: menjav | BG7: =BE67 -> 2 | BH7: =BI68 -> 0.5 | BJ7: menjav | BK7: =BI67 -> 0 | BL7: =BM68 -> 0.66666667 | BN7: menjav | BO7: =BM67 -> 2 | BP7: =BQ68 -> 0.77777778 | BR7: menjav | BS7: =BQ67 -> 1 | BT7: =BU68 -> 0.72222222 | BV7: menjav | BW7: =BU67 -> 1 | BX7: =BY68 -> 0.72222222 | BZ7: menjav | CA7: =BY67 -> 1 | CB7: =CC68 -> 0.77777778 | CD7: menjav | CE7: =CC67 -> 1 | CF7: =CG68 -> 0.72222222 | CH7: menjav | CI7: =CG67 -> 3 | CJ7: =CK68 -> 0.72222222 | CL7: menjav | CM7: =CK67 -> 2 | CN7: =CO68 -> 0.72222222 | CP7: menjav | CQ7: =CO67 -> 1 | CR7: =CS68 -> 0.83333333 | CT7: menjav | CU7: =CS67 -> 0 | CV7: =CW68 -> 0.88888889 | CX7: menjav | CY7: =CW67 -> 0 | CZ7: =DA68 -> 1 | DB7: menjav | DC7: =DA67 -> 0 | DD7: =DE68 -> 1 | DF7: menjav | DG7: =DE67 -> 0 | DH7: =DI68 -> 1 | DJ7: menjav | DK7: =DI67 -> 0 | DL7: =DM68 -> 1 | DN7: menjav | DO7: =DM67 -> 0 | DP7: =DQ68 -> 1 | DR7: menjav | DS7: =DQ67 -> 0
B8: št.stroja | C8: stroj | D8: šifra | E8: opis | F8: KOS/dan | G8: posl/stroj | H8: šifra | I8: opis | J8: KOS/dan | K8: posl/stroj | L8: šifra | M8: opis | N8: KOS/dan | O8: posl/stroj | P8: šifra | Q8: opis | R8: KOS/dan | S8: posl/stroj | T8: šifra | U8: opis | V8: KOS/dan | W8: posl/stroj | X8: šifra | Y8: opis | Z8: KOS/dan | AA8: posl/stroj | AB8: šifra | AC8: opis | AD8: KOS/dan | AE8: posl/stroj | AF8: šifra | AG8: opis | AH8: KOS/dan | AI8: posl/stroj | AJ8: šifra | AK8: opis | AL8: KOS/dan | AM8: posl/stroj | AN8: šifra | AO8: opis | AP8: KOS/dan | AQ8: posl/stroj | AR8: šifra | AS8: opis | AT8: KOS/dan | AU8: posl/stroj | AV8: šifra | AW8: opis | AX8: KOS/dan | AY8: posl/stroj | AZ8: šifra | BA8: opis | BB8: KOS/dan | BC8: posl/stroj | BD8: šifra | BE8: opis | BF8: KOS/dan | BG8: posl/stroj | BH8: šifra | BI8: opis | BJ8: KOS/dan | BK8: posl/stroj | BL8: šifra | BM8: opis | BN8: KOS/dan | BO8: posl/stroj | BP8: šifra | BQ8: opis | BR8: KOS/dan | BS8: posl/stroj | BT8: šifra | BU8: opis | BV8: KOS/dan | BW8: posl/stroj | BX8: šifra | BY8: opis | BZ8: KOS/dan | CA8: posl/stroj | CB8: šifra | CC8: opis | CD8: KOS/dan | CE8: posl/stroj | CF8: šifra | CG8: opis | CH8: KOS/dan | CI8: posl/stroj | CJ8: šifra | CK8: opis | CL8: KOS/dan | CM8: posl/stroj | CN8: šifra | CO8: opis | CP8: KOS/dan | CQ8: posl/stroj | CR8: šifra | CS8: opis | CT8: KOS/dan | CU8: posl/stroj | CV8: šifra | CW8: opis | CX8: KOS/dan | CY8: posl/stroj | CZ8: šifra | DA8: opis | DB8: KOS/dan | DC8: posl/stroj | DD8: šifra | DE8: opis | DF8: KOS/dan | DG8: posl/stroj | DH8: šifra | DI8: opis | DJ8: KOS/dan | DK8: posl/stroj | DL8: šifra | DM8: opis | DN8: KOS/dan | DO8: posl/stroj | DP8: šifra | DQ8: opis | DR8: KOS/dan | DS8: posl/stroj
A9: HALA 2 | B9: 1 | C9: KM 420 R | E9: =IF(D9=0,"0",VLOOKUP(D9,struktura!$B:$D,3,FALSE)) -> 0 | F9: =IF(D9=0,"",24/VLOOKUP(D9,struktura!$B:$F,5,FALSE)) | G9: =VLOOKUP(D9,struktura!$B:$G,6,FALSE) -> 0 | H9: 132100588 | I9: BUS CASE TOP II V2 | J9: 2769.2308 | K9: 0.5 | L9: 132100588 | M9: =IF(L9=0,0,VLOOKUP(L9,struktura!$B:$D,3,FALSE)) -> BUS CASE TOP II V2 | N9: =IF(L9=0,0,N$1/VLOOKUP(L9,struktura!$B:$F,5,FALSE)) -> 2769.2308 | O9: =VLOOKUP(L9,struktura!$B:$G,6,FALSE) -> 0.5 | P9: 132100588 | Q9: =IF(P9=0,0,VLOOKUP(P9,struktura!$B:$D,3,FALSE)) -> BUS CASE TOP II V2 | R9: =IF(P9=0,0,R$1/VLOOKUP(P9,struktura!$B:$F,5,FALSE)) -> 2769.2308 | S9: =VLOOKUP(P9,struktura!$B:$G,6,FALSE) -> 0.5 | T9: 132100588 | U9: =IF(T9=0,0,VLOOKUP(T9,struktura!$B:$D,3,FALSE)) -> BUS CASE TOP II V2 | V9: =IF(T9=0,0,V$1/VLOOKUP(T9,struktura!$B:$F,5,FALSE)) -> 2769.2308 | W9: =VLOOKUP(T9,struktura!$B:$G,6,FALSE) -> 0.5 | X9: 132100588 | Y9: =IF(X9=0,0,VLOOKUP(X9,struktura!$B:$D,3,FALSE)) -> BUS CASE TOP II V2 | Z9: =IF(X9=0,0,Z$1/VLOOKUP(X9,struktura!$B:$F,5,FALSE)) -> 2769.2308 | AA9: =VLOOKUP(X9,struktura!$B:$G,6,FALSE) -> 0.5 | AC9: =IF(AB9=0,0,VLOOKUP(AB9,struktura!$B:$D,3,FALSE)) -> 0 | AD9: =IF(AB9=0,0,AD$1/VLOOKUP(AB9,struktura!$B:$F,5,FALSE)) -> 0 | AE9: =VLOOKUP(AB9,struktura!$B:$G,6,FALSE) -> 0 | AG9: =IF(AF9=0,0,VLOOKUP(AF9,struktura!$B:$D,3,FALSE)) -> 0 | AH9: =IF(AF9=0,0,AH$1/VLOOKUP(AF9,struktura!$B:$F,5,FALSE)) -> 0 | AI9: =VLOOKUP(AF9,struktura!$B:$G,6,FALSE) -> 0 | AK9: =IF(AJ9=0,0,VLOOKUP(AJ9,struktura!$B:$D,3,FALSE)) -> 0 | AL9: =IF(AJ9=0,0,AL$1/VLOOKUP(AJ9,struktura!$B:$F,5,FALSE)) -> 0 | AM9: =VLOOKUP(AJ9,struktura!$B:$G,6,FALSE) -> 0 | AO9: =IF(AN9=0,0,VLOOKUP(AN9,struktura!$B:$D,3,FALSE)) -> 0 | AP9: =IF(AN9=0,0,AP$1/VLOOKUP(AN9,struktura!$B:$F,5,FALSE)) -> 0 | AQ9: =VLOOKUP(AN9,struktura!$B:$G,6,FALSE) -> 0 | AR9: 132100588 | AS9: =IF(AR9=0,0,VLOOKUP(AR9,struktura!$B:$D,3,FALSE)) -> BUS CASE TOP II V2 | AT9: =IF(AR9=0,0,AT$1/VLOOKUP(AR9,struktura!$B:$F,5,FALSE)) -> 2769.2308 | AU9: =VLOOKUP(AR9,struktura!$B:$G,6,FALSE) -> 0.5 | AV9: 132100588 | AW9: =IF(AV9=0,0,VLOOKUP(AV9,struktura!$B:$D,3,FALSE)) -> BUS CASE TOP II V2 | AX9: =IF(AV9=0,0,AX$1/VLOOKUP(AV9,struktura!$B:$F,5,FALSE)) -> 2769.2308 | AY9: =VLOOKUP(AV9,struktura!$B:$G,6,FALSE) -> 0.5 | AZ9: 132100588 | BA9: =IF(AZ9=0,0,VLOOKUP(AZ9,struktura!$B:$D,3,FALSE)) -> BUS CASE TOP II V2 | BB9: =IF(AZ9=0,0,BB$1/VLOOKUP(AZ9,struktura!$B:$F,5,FALSE)) -> 2769.2308 | BC9: =VLOOKUP(AZ9,struktura!$B:$G,6,FALSE) -> 0.5 | BD9: 132100588 | BE9: =IF(BD9=0,0,VLOOKUP(BD9,struktura!$B:$D,3,FALSE)) -> BUS CASE TOP II V2 | BF9: =IF(BD9=0,0,BF$1/VLOOKUP(BD9,struktura!$B:$F,5,FALSE)) -> 2769.2308 | BG9: =VLOOKUP(BD9,struktura!$B:$G,6,FALSE) -> 0.5 | BH9: 132100588 | BI9: =IF(BH9=0,0,VLOOKUP(BH9,struktura!$B:$D,3,FALSE)) -> BUS CASE TOP II V2 | BJ9: =IF(BH9=0,0,BJ$1/VLOOKUP(BH9,struktura!$B:$F,5,FALSE)) -> 2769.2308 | BK9: =VLOOKUP(BH9,struktura!$B:$G,6,FALSE) -> 0.5 | BM9: =IF(BL9=0,0,VLOOKUP(BL9,struktura!$B:$D,3,FALSE)) -> 0 | BN9: =IF(BL9=0,0,BN$1/VLOOKUP(BL9,struktura!$B:$F,5,FALSE)) -> 0 | BO9: =VLOOKUP(BL9,struktura!$B:$G,6,FALSE) -> 0 | BQ9: =IF(BP9=0,0,VLOOKUP(BP9,struktura!$B:$D,3,FALSE)) -> 0 | BR9: =IF(BP9=0,0,BR$1/VLOOKUP(BP9,struktura!$B:$F,5,FALSE)) -> 0 | BS9: =VLOOKUP(BP9,struktura!$B:$G,6,FALSE) -> 0 | BU9: =IF(BT9=0,0,VLOOKUP(BT9,struktura!$B:$D,3,FALSE)) -> 0 | BV9: =IF(BT9=0,0,BV$1/VLOOKUP(BT9,struktura!$B:$F,5,FALSE)) -> 0 | BW9: =VLOOKUP(BT9,struktura!$B:$G,6,FALSE) -> 0 | BY9: =IF(BX9=0,0,VLOOKUP(BX9,struktura!$B:$D,3,FALSE)) -> 0 | BZ9: =IF(BX9=0,0,BZ$1/VLOOKUP(BX9,struktura!$B:$F,5,FALSE)) -> 0 | CA9: =VLOOKUP(BX9,struktura!$B:$G,6,FALSE) -> 0 | CC9: =IF(CB9=0,0,VLOOKUP(CB9,struktura!$B:$D,3,FALSE)) -> 0 | CD9: =IF(CB9=0,0,CD$1/VLOOKUP(CB9,struktura!$B:$F,5,FALSE)) -> 0 | CE9: =VLOOKUP(CB9,struktura!$B:$G,6,FALSE) -> 0 | CG9: =IF(CF9=0,0,VLOOKUP(CF9,struktura!$B:$D,3,FALSE)) -> 0 | CH9: =IF(CF9=0,0,CH$1/VLOOKUP(CF9,struktura!$B:$F,5,FALSE)) -> 0 | CI9: =VLOOKUP(CF9,struktura!$B:$G,6,FALSE) -> 0 | CK9: =IF(CJ9=0,0,VLOOKUP(CJ9,struktura!$B:$D,3,FALSE)) -> 0 | CL9: =IF(CJ9=0,0,CL$1/VLOOKUP(CJ9,struktura!$B:$F,5,FALSE)) -> 0 | CM9: =VLOOKUP(CJ9,struktura!$B:$G,6,FALSE) -> 0 | CO9: =IF(CN9=0,0,VLOOKUP(CN9,struktura!$B:$D,3,FALSE)) -> 0 | CP9: =IF(CN9=0,0,CP$1/VLOOKUP(CN9,struktura!$B:$F,5,FALSE)) -> 0 | CQ9: =VLOOKUP(CN9,struktura!$B:$G,6,FALSE) -> 0 | CS9: =IF(CR9=0,0,VLOOKUP(CR9,struktura!$B:$D,3,FALSE)) -> 0 | CT9: =IF(CR9=0,0,CT$1/VLOOKUP(CR9,struktura!$B:$F,5,FALSE)) -> 0 | CU9: =VLOOKUP(CR9,struktura!$B:$G,6,FALSE) -> 0 | CW9: =IF(CV9=0,0,VLOOKUP(CV9,struktura!$B:$D,3,FALSE)) -> 0 | CX9: =IF(CV9=0,0,CX$1/VLOOKUP(CV9,struktura!$B:$F,5,FALSE)) -> 0 | CY9: =VLOOKUP(CV9,struktura!$B:$G,6,FALSE) -> 0 | DE9: =IF(DD9=0,0,VLOOKUP(DD9,struktura!$B:$D,3,FALSE)) -> 0 | DF9: =IF(DD9=0,0,DF$1/VLOOKUP(DD9,struktura!$B:$F,5,FALSE)) -> 0 | DG9: =VLOOKUP(DD9,struktura!$B:$G,6,FALSE) -> 0 | DI9: =IF(DH9=0,0,VLOOKUP(DH9,struktura!$B:$D,3,FALSE)) -> 0 | DJ9: =IF(DH9=0,0,DJ$1/VLOOKUP(DH9,struktura!$B:$F,5,FALSE)) -> 0 | DK9: =VLOOKUP(DH9,struktura!$B:$G,6,FALSE) -> 0 | DM9: =IF(DL9=0,0,VLOOKUP(DL9,struktura!$B:$D,3,FALSE)) -> 0 | DN9: =IF(DL9=0,0,DN$1/VLOOKUP(DL9,struktura!$B:$F,5,FALSE)) -> 0 | DO9: =VLOOKUP(DL9,struktura!$B:$G,6,FALSE) -> 0 | DQ9: =IF(DP9=0,0,VLOOKUP(DP9,struktura!$B:$D,3,FALSE)) -> 0 | DR9: =IF(DP9=0,0,DR$1/VLOOKUP(DP9,struktura!$B:$F,5,FALSE)) -> 0 | DS9: =VLOOKUP(DP9,struktura!$B:$G,6,FALSE) -> 0
H10: nadaljevanje | AB10: 5S delavnica - 2 dni | AR10: P250810692 menjava orodja
B11: 2 | C11: KM 420 R | E11: =IF(D11=0,"0",VLOOKUP(D11,struktura!$B:$D,3,FALSE)) -> 0 | F11: =IF(D11=0,"",24/VLOOKUP(D11,struktura!$B:$F,5,FALSE)) | G11: =VLOOKUP(D11,struktura!$B:$G,6,FALSE) -> 0 | I11: 0 | J11: 0 | K11: 0 | M11: =IF(L11=0,0,VLOOKUP(L11,struktura!$B:$D,3,FALSE)) -> 0 | N11: =IF(L11=0,0,N$1/VLOOKUP(L11,struktura!$B:$F,5,FALSE)) -> 0 | O11: =VLOOKUP(L11,struktura!$B:$G,6,FALSE) -> 0 | Q11: =IF(P11=0,0,VLOOKUP(P11,struktura!$B:$D,3,FALSE)) -> 0 | R11: =IF(P11=0,0,R$1/VLOOKUP(P11,struktura!$B:$F,5,FALSE)) -> 0 | S11: =VLOOKUP(P11,struktura!$B:$G,6,FALSE) -> 0 | U11: =IF(T11=0,0,VLOOKUP(T11,struktura!$B:$D,3,FALSE)) -> 0 | V11: =IF(T11=0,0,V$1/VLOOKUP(T11,struktura!$B:$F,5,FALSE)) -> 0 | W11: =VLOOKUP(T11,struktura!$B:$G,6,FALSE) -> 0 | Y11: =IF(X11=0,0,VLOOKUP(X11,struktura!$B:$D,3,FALSE)) -> 0 | Z11: =IF(X11=0,0,Z$1/VLOOKUP(X11,struktura!$B:$F,5,FALSE)) -> 0 | AA11: =VLOOKUP(X11,struktura!$B:$G,6,FALSE) -> 0 | AC11: =IF(AB11=0,0,VLOOKUP(AB11,struktura!$B:$D,3,FALSE)) -> 0 | AD11: =IF(AB11=0,0,AD$1/VLOOKUP(AB11,struktura!$B:$F,5,FALSE)) -> 0 | AE11: =VLOOKUP(AB11,struktura!$B:$G,6,FALSE) -> 0 | AG11: =IF(AF11=0,0,VLOOKUP(AF11,struktura!$B:$D,3,FALSE)) -> 0 | AH11: =IF(AF11=0,0,AH$1/VLOOKUP(AF11,struktura!$B:$F,5,FALSE)) -> 0 | AI11: =VLOOKUP(AF11,struktura!$B:$G,6,FALSE) -> 0 | AK11: =IF(AJ11=0,0,VLOOKUP(AJ11,struktura!$B:$D,3,FALSE)) -> 0 | AL11: =IF(AJ11=0,0,AL$1/VLOOKUP(AJ11,struktura!$B:$F,5,FALSE)) -> 0 | AM11: =VLOOKUP(AJ11,struktura!$B:$G,6,FALSE) -> 0 | AO11: =IF(AN11=0,0,VLOOKUP(AN11,struktura!$B:$D,3,FALSE)) -> 0 | AP11: =IF(AN11=0,0,AP$1/VLOOKUP(AN11,struktura!$B:$F,5,FALSE)) -> 0 | AQ11: =VLOOKUP(AN11,struktura!$B:$G,6,FALSE) -> 0 | AS11: =IF(AR11=0,0,VLOOKUP(AR11,struktura!$B:$D,3,FALSE)) -> 0 | AT11: =IF(AR11=0,0,AT$1/VLOOKUP(AR11,struktura!$B:$F,5,FALSE)) -> 0 | AU11: =VLOOKUP(AR11,struktura!$B:$G,6,FALSE) -> 0 | AW11: =IF(AV11=0,0,VLOOKUP(AV11,struktura!$B:$D,3,FALSE)) -> 0 | AX11: =IF(AV11=0,0,AX$1/VLOOKUP(AV11,struktura!$B:$F,5,FALSE)) -> 0 | AY11: =VLOOKUP(AV11,struktura!$B:$G,6,FALSE) -> 0 | BA11: =IF(AZ11=0,0,VLOOKUP(AZ11,struktura!$B:$D,3,FALSE)) -> 0 | BB11: =IF(AZ11=0,0,BB$1/VLOOKUP(AZ11,struktura!$B:$F,5,FALSE)) -> 0 | BC11: =VLOOKUP(AZ11,struktura!$B:$G,6,FALSE) -> 0 | BE11: =IF(BD11=0,0,VLOOKUP(BD11,struktura!$B:$D,3,FALSE)) -> 0 | BF11: =IF(BD11=0,0,BF$1/VLOOKUP(BD11,struktura!$B:$F,5,FALSE)) -> 0 | BG11: =VLOOKUP(BD11,struktura!$B:$G,6,FALSE) -> 0 | BI11: =IF(BH11=0,0,VLOOKUP(BH11,struktura!$B:$D,3,FALSE)) -> 0 | BJ11: =IF(BH11=0,0,BJ$1/VLOOKUP(BH11,struktura!$B:$F,5,FALSE)) -> 0 | BK11: =VLOOKUP(BH11,struktura!$B:$G,6,FALSE) -> 0 | BM11: =IF(BL11=0,0,VLOOKUP(BL11,struktura!$B:$D,3,FALSE)) -> 0 | BN11: =IF(BL11=0,0,BN$1/VLOOKUP(BL11,struktura!$B:$F,5,FALSE)) -> 0 | BO11: =VLOOKUP(BL11,struktura!$B:$G,6,FALSE) -> 0 | BQ11: =IF(BP11=0,0,VLOOKUP(BP11,struktura!$B:$D,3,FALSE)) -> 0 | BR11: =IF(BP11=0,0,BR$1/VLOOKUP(BP11,struktura!$B:$F,5,FALSE)) -> 0 | BS11: =VLOOKUP(BP11,struktura!$B:$G,6,FALSE) -> 0 | BU11: =IF(BT11=0,0,VLOOKUP(BT11,struktura!$B:$D,3,FALSE)) -> 0 | BV11: =IF(BT11=0,0,BV$1/VLOOKUP(BT11,struktura!$B:$F,5,FALSE)) -> 0 | BW11: =VLOOKUP(BT11,struktura!$B:$G,6,FALSE) -> 0 | BY11: =IF(BX11=0,0,VLOOKUP(BX11,struktura!$B:$D,3,FALSE)) -> 0 | BZ11: =IF(BX11=0,0,BZ$1/VLOOKUP(BX11,struktura!$B:$F,5,FALSE)) -> 0 | CA11: =VLOOKUP(BX11,struktura!$B:$G,6,FALSE) -> 0 | CC11: =IF(CB11=0,0,VLOOKUP(CB11,struktura!$B:$D,3,FALSE)) -> 0 | CD11: =IF(CB11=0,0,CD$1/VLOOKUP(CB11,struktura!$B:$F,5,FALSE)) -> 0 | CE11: =VLOOKUP(CB11,struktura!$B:$G,6,FALSE) -> 0 | CG11: =IF(CF11=0,0,VLOOKUP(CF11,struktura!$B:$D,3,FALSE)) -> 0 | CH11: =IF(CF11=0,0,CH$1/VLOOKUP(CF11,struktura!$B:$F,5,FALSE)) -> 0 | CI11: =VLOOKUP(CF11,struktura!$B:$G,6,FALSE) -> 0 | CK11: =IF(CJ11=0,0,VLOOKUP(CJ11,struktura!$B:$D,3,FALSE)) -> 0 | CL11: =IF(CJ11=0,0,CL$1/VLOOKUP(CJ11,struktura!$B:$F,5,FALSE)) -> 0 | CM11: =VLOOKUP(CJ11,struktura!$B:$G,6,FALSE) -> 0 | CO11: =IF(CN11=0,0,VLOOKUP(CN11,struktura!$B:$D,3,FALSE)) -> 0 | CP11: =IF(CN11=0,0,CP$1/VLOOKUP(CN11,struktura!$B:$F,5,FALSE)) -> 0 | CQ11: =VLOOKUP(CN11,struktura!$B:$G,6,FALSE) -> 0 | CS11: =IF(CR11=0,0,VLOOKUP(CR11,struktura!$B:$D,3,FALSE)) -> 0 | CT11: =IF(CR11=0,0,CT$1/VLOOKUP(CR11,struktura!$B:$F,5,FALSE)) -> 0 | CU11: =VLOOKUP(CR11,struktura!$B:$G,6,FALSE) -> 0 | CW11: =IF(CV11=0,0,VLOOKUP(CV11,struktura!$B:$D,3,FALSE)) -> 0 | CX11: =IF(CV11=0,0,CX$1/VLOOKUP(CV11,struktura!$B:$F,5,FALSE)) -> 0 | CY11: =VLOOKUP(CV11,struktura!$B:$G,6,FALSE) -> 0 | DE11: =IF(DD11=0,0,VLOOKUP(DD11,struktura!$B:$D,3,FALSE)) -> 0 | DF11: =IF(DD11=0,0,DF$1/VLOOKUP(DD11,struktura!$B:$F,5,FALSE)) -> 0 | DG11: =VLOOKUP(DD11,struktura!$B:$G,6,FALSE) -> 0 | DI11: =IF(DH11=0,0,VLOOKUP(DH11,struktura!$B:$D,3,FALSE)) -> 0 | DJ11: =IF(DH11=0,0,DJ$1/VLOOKUP(DH11,struktura!$B:$F,5,FALSE)) -> 0 | DK11: =VLOOKUP(DH11,struktura!$B:$G,6,FALSE) -> 0 | DM11: =IF(DL11=0,0,VLOOKUP(DL11,struktura!$B:$D,3,FALSE)) -> 0 | DN11: =IF(DL11=0,0,DN$1/VLOOKUP(DL11,struktura!$B:$F,5,FALSE)) -> 0 | DO11: =VLOOKUP(DL11,struktura!$B:$G,6,FALSE) -> 0 | DQ11: =IF(DP11=0,0,VLOOKUP(DP11,struktura!$B:$D,3,FALSE)) -> 0 | DR11: =IF(DP11=0,0,DR$1/VLOOKUP(DP11,struktura!$B:$F,5,FALSE)) -> 0 | DS11: =VLOOKUP(DP11,struktura!$B:$G,6,FALSE) -> 0
AB12: 5S delavnica - 2 dni
B13: 17 | C13: KM420 R | E13: =IF(D13=0,"0",VLOOKUP(D13,struktura!$B:$D,3,FALSE)) -> 0 | F13: =IF(D13=0,"",24/VLOOKUP(D13,struktura!$B:$F,5,FALSE)) | G13: =VLOOKUP(D13,struktura!$B:$G,6,FALSE) -> 0 | H13: 200100039 | I13: Vodilnik zraka vrat BIO2 | J13: 4020 | K13: 0.25 | L13: 200100039 | M13: =IF(L13=0,0,VLOOKUP(L13,struktura!$B:$D,3,FALSE)) -> Vodilnik zraka vrat BIO2 | N13: =IF(L13=0,0,N$1/VLOOKUP(L13,struktura!$B:$F,5,FALSE)) -> 4020 | O13: =VLOOKUP(L13,struktura!$B:$G,6,FALSE) -> 0.25 | P13: 200100039 | Q13: =IF(P13=0,0,VLOOKUP(P13,struktura!$B:$D,3,FALSE)) -> Vodilnik zraka vrat BIO2 | R13: =IF(P13=0,0,R$1/VLOOKUP(P13,struktura!$B:$F,5,FALSE)) -> 4020 | S13: =VLOOKUP(P13,struktura!$B:$G,6,FALSE) -> 0.25 | T13: 200100039 | U13: =IF(T13=0,0,VLOOKUP(T13,struktura!$B:$D,3,FALSE)) -> Vodilnik zraka vrat BIO2 | V13: =IF(T13=0,0,V$1/VLOOKUP(T13,struktura!$B:$F,5,FALSE)) -> 4020 | W13: =VLOOKUP(T13,struktura!$B:$G,6,FALSE) -> 0.25 | X13: 200100039 | Y13: =IF(X13=0,0,VLOOKUP(X13,struktura!$B:$D,3,FALSE)) -> Vodilnik zraka vrat BIO2 | Z13: =IF(X13=0,0,Z$1/VLOOKUP(X13,struktura!$B:$F,5,FALSE)) -> 4020 | AA13: =VLOOKUP(X13,struktura!$B:$G,6,FALSE) -> 0.25 | AB13: 200100039 | AC13: =IF(AB13=0,0,VLOOKUP(AB13,struktura!$B:$D,3,FALSE)) -> Vodilnik zraka vrat BIO2 | AD13: =IF(AB13=0,0,AD$1/VLOOKUP(AB13,struktura!$B:$F,5,FALSE)) -> 4020 | AE13: =VLOOKUP(AB13,struktura!$B:$G,6,FALSE) -> 0.25 | AF13: 200100039 | AG13: =IF(AF13=0,0,VLOOKUP(AF13,struktura!$B:$D,3,FALSE)) -> Vodilnik zraka vrat BIO2 | AH13: =IF(AF13=0,0,AH$1/VLOOKUP(AF13,struktura!$B:$F,5,FALSE)) -> 4020 | AI13: =VLOOKUP(AF13,struktura!$B:$G,6,FALSE) -> 0.25 | AJ13: 200100039 | AK13: =IF(AJ13=0,0,VLOOKUP(AJ13,struktura!$B:$D,3,FALSE)) -> Vodilnik zraka vrat BIO2 | AL13: =IF(AJ13=0,0,AL$1/VLOOKUP(AJ13,struktura!$B:$F,5,FALSE)) -> 4020 | AM13: =VLOOKUP(AJ13,struktura!$B:$G,6,FALSE) -> 0.25 | AN13: 200100039 | AO13: =IF(AN13=0,0,VLOOKUP(AN13,struktura!$B:$D,3,FALSE)) -> Vodilnik zraka vrat BIO2 | AP13: =IF(AN13=0,0,AP$1/VLOOKUP(AN13,struktura!$B:$F,5,FALSE)) -> 4020 | AQ13: =VLOOKUP(AN13,struktura!$B:$G,6,FALSE) -> 0.25 | AR13: 200100039 | AS13: =IF(AR13=0,0,VLOOKUP(AR13,struktura!$B:$D,3,FALSE)) -> Vodilnik zraka vrat BIO2 | AT13: =IF(AR13=0,0,AT$1/VLOOKUP(AR13,struktura!$B:$F,5,FALSE)) -> 4020 | AU13: =VLOOKUP(AR13,struktura!$B:$G,6,FALSE) -> 0.25 | AV13: 200100039 | AW13: =IF(AV13=0,0,VLOOKUP(AV13,struktura!$B:$D,3,FALSE)) -> Vodilnik zraka vrat BIO2 | AX13: =IF(AV13=0,0,AX$1/VLOOKUP(AV13,struktura!$B:$F,5,FALSE)) -> 4020 | AY13: =VLOOKUP(AV13,struktura!$B:$G,6,FALSE) -> 0.25 | AZ13: 200100039 | BA13: =IF(AZ13=0,0,VLOOKUP(AZ13,struktura!$B:$D,3,FALSE)) -> Vodilnik zraka vrat BIO2 | BB13: =IF(AZ13=0,0,BB$1/VLOOKUP(AZ13,struktura!$B:$F,5,FALSE)) -> 4020 | BC13: =VLOOKUP(AZ13,struktura!$B:$G,6,FALSE) -> 0.25 | BD13: 200100039 | BE13: =IF(BD13=0,0,VLOOKUP(BD13,struktura!$B:$D,3,FALSE)) -> Vodilnik zraka vrat BIO2 | BF13: =IF(BD13=0,0,BF$1/VLOOKUP(BD13,struktura!$B:$F,5,FALSE)) -> 4020 | BG13: =VLOOKUP(BD13,struktura!$B:$G,6,FALSE) -> 0.25 | BH13: 200100039 | BI13: =IF(BH13=0,0,VLOOKUP(BH13,struktura!$B:$D,3,FALSE)) -> Vodilnik zraka vrat BIO2 | BJ13: =IF(BH13=0,0,BJ$1/VLOOKUP(BH13,struktura!$B:$F,5,FALSE)) -> 4020 | BK13: =VLOOKUP(BH13,struktura!$B:$G,6,FALSE) -> 0.25 | BM13: =IF(BL13=0,0,VLOOKUP(BL13,struktura!$B:$D,3,FALSE)) -> 0 | BN13: =IF(BL13=0,0,BN$1/VLOOKUP(BL13,struktura!$B:$F,5,FALSE)) -> 0 | BO13: =VLOOKUP(BL13,struktura!$B:$G,6,FALSE) -> 0 | BQ13: =IF(BP13=0,0,VLOOKUP(BP13,struktura!$B:$D,3,FALSE)) -> 0 | BR13: =IF(BP13=0,0,BR$1/VLOOKUP(BP13,struktura!$B:$F,5,FALSE)) -> 0 | BS13: =VLOOKUP(BP13,struktura!$B:$G,6,FALSE) -> 0 | BU13: =IF(BT13=0,0,VLOOKUP(BT13,struktura!$B:$D,3,FALSE)) -> 0 | BV13: =IF(BT13=0,0,BV$1/VLOOKUP(BT13,struktura!$B:$F,5,FALSE)) -> 0 | BW13: =VLOOKUP(BT13,struktura!$B:$G,6,FALSE) -> 0 | BY13: =IF(BX13=0,0,VLOOKUP(BX13,struktura!$B:$D,3,FALSE)) -> 0 | BZ13: =IF(BX13=0,0,BZ$1/VLOOKUP(BX13,struktura!$B:$F,5,FALSE)) -> 0 | CA13: =VLOOKUP(BX13,struktura!$B:$G,6,FALSE) -> 0 | CC13: =IF(CB13=0,0,VLOOKUP(CB13,struktura!$B:$D,3,FALSE)) -> 0 | CD13: =IF(CB13=0,0,CD$1/VLOOKUP(CB13,struktura!$B:$F,5,FALSE)) -> 0 | CE13: =VLOOKUP(CB13,struktura!$B:$G,6,FALSE) -> 0 | CG13: =IF(CF13=0,0,VLOOKUP(CF13,struktura!$B:$D,3,FALSE)) -> 0 | CH13: =IF(CF13=0,0,CH$1/VLOOKUP(CF13,struktura!$B:$F,5,FALSE)) -> 0 | CI13: =VLOOKUP(CF13,struktura!$B:$G,6,FALSE) -> 0 | CK13: =IF(CJ13=0,0,VLOOKUP(CJ13,struktura!$B:$D,3,FALSE)) -> 0 | CL13: =IF(CJ13=0,0,CL$1/VLOOKUP(CJ13,struktura!$B:$F,5,FALSE)) -> 0 | CM13: =VLOOKUP(CJ13,struktura!$B:$G,6,FALSE) -> 0 | CO13: =IF(CN13=0,0,VLOOKUP(CN13,struktura!$B:$D,3,FALSE)) -> 0 | CP13: =IF(CN13=0,0,CP$1/VLOOKUP(CN13,struktura!$B:$F,5,FALSE)) -> 0 | CQ13: =VLOOKUP(CN13,struktura!$B:$G,6,FALSE) -> 0 | CS13: =IF(CR13=0,0,VLOOKUP(CR13,struktura!$B:$D,3,FALSE)) -> 0 | CT13: =IF(CR13=0,0,CT$1/VLOOKUP(CR13,struktura!$B:$F,5,FALSE)) -> 0 | CU13: =VLOOKUP(CR13,struktura!$B:$G,6,FALSE) -> 0 | CW13: =IF(CV13=0,0,VLOOKUP(CV13,struktura!$B:$D,3,FALSE)) -> 0 | CX13: =IF(CV13=0,0,CX$1/VLOOKUP(CV13,struktura!$B:$F,5,FALSE)) -> 0 | CY13: =VLOOKUP(CV13,struktura!$B:$G,6,FALSE) -> 0 | DE13: =IF(DD13=0,0,VLOOKUP(DD13,struktura!$B:$D,3,FALSE)) -> 0 | DF13: =IF(DD13=0,0,DF$1/VLOOKUP(DD13,struktura!$B:$F,5,FALSE)) -> 0 | DG13: =VLOOKUP(DD13,struktura!$B:$G,6,FALSE) -> 0 | DI13: =IF(DH13=0,0,VLOOKUP(DH13,struktura!$B:$D,3,FALSE)) -> 0 | DJ13: =IF(DH13=0,0,DJ$1/VLOOKUP(DH13,struktura!$B:$F,5,FALSE)) -> 0 | DK13: =VLOOKUP(DH13,struktura!$B:$G,6,FALSE) -> 0 | DM13: =IF(DL13=0,0,VLOOKUP(DL13,struktura!$B:$D,3,FALSE)) -> 0 | DN13: =IF(DL13=0,0,DN$1/VLOOKUP(DL13,struktura!$B:$F,5,FALSE)) -> 0 | DO13: =VLOOKUP(DL13,struktura!$B:$G,6,FALSE) -> 0 | DQ13: =IF(DP13=0,0,VLOOKUP(DP13,struktura!$B:$D,3,FALSE)) -> 0 | DR13: =IF(DP13=0,0,DR$1/VLOOKUP(DP13,struktura!$B:$F,5,FALSE)) -> 0 | DS13: =VLOOKUP(DP13,struktura!$B:$G,6,FALSE) -> 0
T14: servis orodja | X14: nalog zaključit | AB14: P251008920 nalog za 48 ur - 2 dni - sistemski test | AJ14: P251008921, redna serija
B15: 3 | C15: EN 400 R | E15: =IF(D15=0,"0",VLOOKUP(D15,struktura!$B:$D,3,FALSE)) -> 0 | F15: =IF(D15=0,"",24/VLOOKUP(D15,struktura!$B:$F,5,FALSE)) | G15: =VLOOKUP(D15,struktura!$B:$G,6,FALSE) -> 0 | H15: 132100014 | I15: OHIŠJE ROKE ZGORNJE K16_x000D_ (belo) | J15: 2880 | K15: 0.5 | L15: 132100014 | M15: =IF(L15=0,0,VLOOKUP(L15,struktura!$B:$D,3,FALSE)) -> OHIŠJE ROKE ZGORNJE K16 (belo) | N15: =IF(L15=0,0,N$1/VLOOKUP(L15,struktura!$B:$F,5,FALSE)) -> 2880 | O15: =VLOOKUP(L15,struktura!$B:$G,6,FALSE) -> 0.5 | P15: 132100014 | Q15: =IF(P15=0,0,VLOOKUP(P15,struktura!$B:$D,3,FALSE)) -> OHIŠJE ROKE ZGORNJE K16 (belo) | R15: =IF(P15=0,0,R$1/VLOOKUP(P15,struktura!$B:$F,5,FALSE)) -> 2880 | S15: =VLOOKUP(P15,struktura!$B:$G,6,FALSE) -> 0.5 | U15: =IF(T15=0,0,VLOOKUP(T15,struktura!$B:$D,3,FALSE)) -> 0 | V15: =IF(T15=0,0,V$1/VLOOKUP(T15,struktura!$B:$F,5,FALSE)) -> 0 | W15: =VLOOKUP(T15,struktura!$B:$G,6,FALSE) -> 0 | Y15: =IF(X15=0,0,VLOOKUP(X15,struktura!$B:$D,3,FALSE)) -> 0 | Z15: =IF(X15=0,0,Z$1/VLOOKUP(X15,struktura!$B:$F,5,FALSE)) -> 0 | AA15: =VLOOKUP(X15,struktura!$B:$G,6,FALSE) -> 0 | AB15: 132300624 | AC15: =IF(AB15=0,0,VLOOKUP(AB15,struktura!$B:$D,3,FALSE)) -> FRONT PANEL TOP 450H White vodilo svetlobe odprto | AD15: =IF(AB15=0,0,AD$1/VLOOKUP(AB15,struktura!$B:$F,5,FALSE)) -> 1728 | AE15: =VLOOKUP(AB15,struktura!$B:$G,6,FALSE) -> 1 | AF15: 132300620 | AG15: =IF(AF15=0,0,VLOOKUP(AF15,struktura!$B:$D,3,FALSE)) -> FRONT PANEL TOP 450H vodilo svetlobe odprto | AH15: =IF(AF15=0,0,AH$1/VLOOKUP(AF15,struktura!$B:$F,5,FALSE)) -> 1728 | AI15: =VLOOKUP(AF15,struktura!$B:$G,6,FALSE) -> 1 | AJ15: 132300620 | AK15: =IF(AJ15=0,0,VLOOKUP(AJ15,struktura!$B:$D,3,FALSE)) -> FRONT PANEL TOP 450H vodilo svetlobe odprto | AL15: =IF(AJ15=0,0,AL$1/VLOOKUP(AJ15,struktura!$B:$F,5,FALSE)) -> 1728 | AM15: =VLOOKUP(AJ15,struktura!$B:$G,6,FALSE) -> 1 | AN15: 132300619 | AO15: =IF(AN15=0,0,VLOOKUP(AN15,struktura!$B:$D,3,FALSE)) -> FRONT PANEL TOP 450 black | AP15: =IF(AN15=0,0,AP$1/VLOOKUP(AN15,struktura!$B:$F,5,FALSE)) -> 1728 | AQ15: =VLOOKUP(AN15,struktura!$B:$G,6,FALSE) -> 1 | AR15: 132110061 | AS15: =IF(AR15=0,0,VLOOKUP(AR15,struktura!$B:$D,3,FALSE)) -> PLOŠČA SPREDNJA ZGORAJ S4 RNA sur zaprto vodilo svetlobe | AT15: =IF(AR15=0,0,AT$1/VLOOKUP(AR15,struktura!$B:$F,5,FALSE)) -> 1500 | AU15: =VLOOKUP(AR15,struktura!$B:$G,6,FALSE) -> 1 | AV15: t | AW15: =IF(AV15=0,0,VLOOKUP(AV15,struktura!$B:$D,3,FALSE)) -> rezervirano za tehnologijo | AX15: =IF(AV15=0,0,AX$1/VLOOKUP(AV15,struktura!$B:$F,5,FALSE)) -> 24 | AY15: =VLOOKUP(AV15,struktura!$B:$G,6,FALSE) -> 0 | BA15: =IF(AZ15=0,0,VLOOKUP(AZ15,struktura!$B:$D,3,FALSE)) -> 0 | BB15: =IF(AZ15=0,0,BB$1/VLOOKUP(AZ15,struktura!$B:$F,5,FALSE)) -> 0 | BC15: =VLOOKUP(AZ15,struktura!$B:$G,6,FALSE) -> 0 | BE15: =IF(BD15=0,0,VLOOKUP(BD15,struktura!$B:$D,3,FALSE)) -> 0 | BF15: =IF(BD15=0,0,BF$1/VLOOKUP(BD15,struktura!$B:$F,5,FALSE)) -> 0 | BG15: =VLOOKUP(BD15,struktura!$B:$G,6,FALSE) -> 0 | BI15: =IF(BH15=0,0,VLOOKUP(BH15,struktura!$B:$D,3,FALSE)) -> 0 | BJ15: =IF(BH15=0,0,BJ$1/VLOOKUP(BH15,struktura!$B:$F,5,FALSE)) -> 0 | BK15: =VLOOKUP(BH15,struktura!$B:$G,6,FALSE) -> 0 | BL15: 132100013 | BM15: =IF(BL15=0,0,VLOOKUP(BL15,struktura!$B:$D,3,FALSE)) -> OHIŠJE ROKE SPODNJE K16 bela | BN15: =IF(BL15=0,0,BN$1/VLOOKUP(BL15,struktura!$B:$F,5,FALSE)) -> 3456 | BO15: =VLOOKUP(BL15,struktura!$B:$G,6,FALSE) -> 0.5 | BP15: 132100013 | BQ15: =IF(BP15=0,0,VLOOKUP(BP15,struktura!$B:$D,3,FALSE)) -> OHIŠJE ROKE SPODNJE K16 bela | BR15: =IF(BP15=0,0,BR$1/VLOOKUP(BP15,struktura!$B:$F,5,FALSE)) -> 3456 | BS15: =VLOOKUP(BP15,struktura!$B:$G,6,FALSE) -> 0.5 | BT15: 132100013 | BU15: =IF(BT15=0,0,VLOOKUP(BT15,struktura!$B:$D,3,FALSE)) -> OHIŠJE ROKE SPODNJE K16 bela | BV15: =IF(BT15=0,0,BV$1/VLOOKUP(BT15,struktura!$B:$F,5,FALSE)) -> 3456 | BW15: =VLOOKUP(BT15,struktura!$B:$G,6,FALSE) -> 0.5 | BX15: 132100013 | BY15: =IF(BX15=0,0,VLOOKUP(BX15,struktura!$B:$D,3,FALSE)) -> OHIŠJE ROKE SPODNJE K16 bela | BZ15: =IF(BX15=0,0,BZ$1/VLOOKUP(BX15,struktura!$B:$F,5,FALSE)) -> 3456 | CA15: =VLOOKUP(BX15,struktura!$B:$G,6,FALSE) -> 0.5 | CB15: 132100014 | CC15: =IF(CB15=0,0,VLOOKUP(CB15,struktura!$B:$D,3,FALSE)) -> OHIŠJE ROKE ZGORNJE K16 (belo) | CD15: =IF(CB15=0,0,CD$1/VLOOKUP(CB15,struktura!$B:$F,5,FALSE)) -> 2880 | CE15: =VLOOKUP(CB15,struktura!$B:$G,6,FALSE) -> 0.5 | CF15: 132100014 | CG15: =IF(CF15=0,0,VLOOKUP(CF15,struktura!$B:$D,3,FALSE)) -> OHIŠJE ROKE ZGORNJE K16 (belo) | CH15: =IF(CF15=0,0,CH$1/VLOOKUP(CF15,struktura!$B:$F,5,FALSE)) -> 2880 | CI15: =VLOOKUP(CF15,struktura!$B:$G,6,FALSE) -> 0.5 | CJ15: 132100014 | CK15: =IF(CJ15=0,0,VLOOKUP(CJ15,struktura!$B:$D,3,FALSE)) -> OHIŠJE ROKE ZGORNJE K16 (belo) | CL15: =IF(CJ15=0,0,CL$1/VLOOKUP(CJ15,struktura!$B:$F,5,FALSE)) -> 2880 | CM15: =VLOOKUP(CJ15,struktura!$B:$G,6,FALSE) -> 0.5 | CN15: 132100014 | CO15: =IF(CN15=0,0,VLOOKUP(CN15,struktura!$B:$D,3,FALSE)) -> OHIŠJE ROKE ZGORNJE K16 (belo) | CP15: =IF(CN15=0,0,CP$1/VLOOKUP(CN15,struktura!$B:$F,5,FALSE)) -> 2880 | CQ15: =VLOOKUP(CN15,struktura!$B:$G,6,FALSE) -> 0.5 | CS15: =IF(CR15=0,0,VLOOKUP(CR15,struktura!$B:$D,3,FALSE)) -> 0 | CT15: =IF(CR15=0,0,CT$1/VLOOKUP(CR15,struktura!$B:$F,5,FALSE)) -> 0 | CU15: =VLOOKUP(CR15,struktura!$B:$G,6,FALSE) -> 0 | CW15: =IF(CV15=0,0,VLOOKUP(CV15,struktura!$B:$D,3,FALSE)) -> 0 | CX15: =IF(CV15=0,0,CX$1/VLOOKUP(CV15,struktura!$B:$F,5,FALSE)) -> 0 | CY15: =VLOOKUP(CV15,struktura!$B:$G,6,FALSE) -> 0 | DE15: =IF(DD15=0,0,VLOOKUP(DD15,struktura!$B:$D,3,FALSE)) -> 0 | DF15: =IF(DD15=0,0,DF$1/VLOOKUP(DD15,struktura!$B:$F,5,FALSE)) -> 0 | DG15: =VLOOKUP(DD15,struktura!$B:$G,6,FALSE) -> 0 | DI15: =IF(DH15=0,0,VLOOKUP(DH15,struktura!$B:$D,3,FALSE)) -> 0 | DJ15: =IF(DH15=0,0,DJ$1/VLOOKUP(DH15,struktura!$B:$F,5,FALSE)) -> 0 | DK15: =VLOOKUP(DH15,struktura!$B:$G,6,FALSE) -> 0 | DM15: =IF(DL15=0,0,VLOOKUP(DL15,struktura!$B:$D,3,FALSE)) -> 0 | DN15: =IF(DL15=0,0,DN$1/VLOOKUP(DL15,struktura!$B:$F,5,FALSE)) -> 0 | DO15: =VLOOKUP(DL15,struktura!$B:$G,6,FALSE) -> 0 | DQ15: =IF(DP15=0,0,VLOOKUP(DP15,struktura!$B:$D,3,FALSE)) -> 0 | DR15: =IF(DP15=0,0,DR$1/VLOOKUP(DP15,struktura!$B:$F,5,FALSE)) -> 0 | DS15: =VLOOKUP(DP15,struktura!$B:$G,6,FALSE) -> 0
AB16: P250809847 800kos, sledi črna | AF16: P250909830 serija do 2.800 kos | AN16: MINI100702 serija 2000 | AR16: P250810974- test orodja po popravilu do 500 kos | AV16: 30kos V2500171 alternativni material | CB16: serija 4 dni? 5/8
B17: 13 | C17: EN 500 R | E17: =IF(D17=0,"0",VLOOKUP(D17,struktura!$B:$D,3,FALSE)) -> 0 | F17: =IF(D17=0,"",24/VLOOKUP(D17,struktura!$B:$F,5,FALSE)) | G17: =VLOOKUP(D17,struktura!$B:$G,6,FALSE) -> 0 | H17: 132400510 | I17: ASM Ohišje Levo 600-IN-E RAL9005 | J17: 1530 | K17: 1 | L17: 132400510 | M17: =IF(L17=0,0,VLOOKUP(L17,struktura!$B:$D,3,FALSE)) -> ASM Ohišje Levo 600-IN-E RAL9005 | N17: =IF(L17=0,0,N$1/VLOOKUP(L17,struktura!$B:$F,5,FALSE)) -> 1530 | O17: =VLOOKUP(L17,struktura!$B:$G,6,FALSE) -> 1 | P17: 132400510 | Q17: =IF(P17=0,0,VLOOKUP(P17,struktura!$B:$D,3,FALSE)) -> ASM Ohišje Levo 600-IN-E RAL9005 | R17: =IF(P17=0,0,R$1/VLOOKUP(P17,struktura!$B:$F,5,FALSE)) -> 1530 | S17: =VLOOKUP(P17,struktura!$B:$G,6,FALSE) -> 1 | T17: 132400616 | U17: =IF(T17=0,0,VLOOKUP(T17,struktura!$B:$D,3,FALSE)) -> ASM Plošča Sprednja 600RNA black | V17: =IF(T17=0,0,V$1/VLOOKUP(T17,struktura!$B:$F,5,FALSE)) -> 1345.7944 | W17: =VLOOKUP(T17,struktura!$B:$G,6,FALSE) -> 1 | X17: 132400535 | Y17: =IF(X17=0,0,VLOOKUP(X17,struktura!$B:$D,3,FALSE)) -> ASM Plošča Sprednja 600 CL-E | Z17: =IF(X17=0,0,Z$1/VLOOKUP(X17,struktura!$B:$F,5,FALSE)) -> 1500 | AA17: =VLOOKUP(X17,struktura!$B:$G,6,FALSE) -> 1.5 | AB17: 132400535 | AC17: =IF(AB17=0,0,VLOOKUP(AB17,struktura!$B:$D,3,FALSE)) -> ASM Plošča Sprednja 600 CL-E | AD17: =IF(AB17=0,0,AD$1/VLOOKUP(AB17,struktura!$B:$F,5,FALSE)) -> 1500 | AE17: =VLOOKUP(AB17,struktura!$B:$G,6,FALSE) -> 1.5 | AF17: 132400535 | AG17: =IF(AF17=0,0,VLOOKUP(AF17,struktura!$B:$D,3,FALSE)) -> ASM Plošča Sprednja 600 CL-E | AH17: =IF(AF17=0,0,AH$1/VLOOKUP(AF17,struktura!$B:$F,5,FALSE)) -> 1500 | AI17: =VLOOKUP(AF17,struktura!$B:$G,6,FALSE) -> 1.5 | AJ17: 132400535 | AK17: =IF(AJ17=0,0,VLOOKUP(AJ17,struktura!$B:$D,3,FALSE)) -> ASM Plošča Sprednja 600 CL-E | AL17: =IF(AJ17=0,0,AL$1/VLOOKUP(AJ17,struktura!$B:$F,5,FALSE)) -> 1500 | AM17: =VLOOKUP(AJ17,struktura!$B:$G,6,FALSE) -> 1.5 | AN17: 132110521 | AO17: =IF(AN17=0,0,VLOOKUP(AN17,struktura!$B:$D,3,FALSE)) -> ASM Plošča Sprednja 600 RAL7045 sur za lakiranje | AP17: =IF(AN17=0,0,AP$1/VLOOKUP(AN17,struktura!$B:$F,5,FALSE)) -> 1345.7944 | AQ17: =VLOOKUP(AN17,struktura!$B:$G,6,FALSE) -> 1 | AR17: 132110521 | AS17: =IF(AR17=0,0,VLOOKUP(AR17,struktura!$B:$D,3,FALSE)) -> ASM Plošča Sprednja 600 RAL7045 sur za lakiranje | AT17: =IF(AR17=0,0,AT$1/VLOOKUP(AR17,struktura!$B:$F,5,FALSE)) -> 1345.7944 | AU17: =VLOOKUP(AR17,struktura!$B:$G,6,FALSE) -> 1 | AW17: =IF(AV17=0,0,VLOOKUP(AV17,struktura!$B:$D,3,FALSE)) -> 0 | AX17: =IF(AV17=0,0,AX$1/VLOOKUP(AV17,struktura!$B:$F,5,FALSE)) -> 0 | AY17: =VLOOKUP(AV17,struktura!$B:$G,6,FALSE) -> 0 | BA17: =IF(AZ17=0,0,VLOOKUP(AZ17,struktura!$B:$D,3,FALSE)) -> 0 | BB17: =IF(AZ17=0,0,BB$1/VLOOKUP(AZ17,struktura!$B:$F,5,FALSE)) -> 0 | BC17: =VLOOKUP(AZ17,struktura!$B:$G,6,FALSE) -> 0 | BD17: 132100504 | BE17: =IF(BD17=0,0,VLOOKUP(BD17,struktura!$B:$D,3,FALSE)) -> Ohišje levo 600-CL RAL9005 | BF17: =IF(BD17=0,0,BF$1/VLOOKUP(BD17,struktura!$B:$F,5,FALSE)) -> 1627.1186 | BG17: =VLOOKUP(BD17,struktura!$B:$G,6,FALSE) -> 1 | BH17: 132100504 | BI17: =IF(BH17=0,0,VLOOKUP(BH17,struktura!$B:$D,3,FALSE)) -> Ohišje levo 600-CL RAL9005 | BJ17: =IF(BH17=0,0,BJ$1/VLOOKUP(BH17,struktura!$B:$F,5,FALSE)) -> 1627.1186 | BK17: =VLOOKUP(BH17,struktura!$B:$G,6,FALSE) -> 1 | BL17: 132100504 | BM17: =IF(BL17=0,0,VLOOKUP(BL17,struktura!$B:$D,3,FALSE)) -> Ohišje levo 600-CL RAL9005 | BN17: =IF(BL17=0,0,BN$1/VLOOKUP(BL17,struktura!$B:$F,5,FALSE)) -> 1627.1186 | BO17: =VLOOKUP(BL17,struktura!$B:$G,6,FALSE) -> 1 | BP17: 132100504 | BQ17: =IF(BP17=0,0,VLOOKUP(BP17,struktura!$B:$D,3,FALSE)) -> Ohišje levo 600-CL RAL9005 | BR17: =IF(BP17=0,0,BR$1/VLOOKUP(BP17,struktura!$B:$F,5,FALSE)) -> 1627.1186 | BS17: =VLOOKUP(BP17,struktura!$B:$G,6,FALSE) -> 1 | BT17: 132100504 | BU17: =IF(BT17=0,0,VLOOKUP(BT17,struktura!$B:$D,3,FALSE)) -> Ohišje levo 600-CL RAL9005 | BV17: =IF(BT17=0,0,BV$1/VLOOKUP(BT17,struktura!$B:$F,5,FALSE)) -> 1627.1186 | BW17: =VLOOKUP(BT17,struktura!$B:$G,6,FALSE) -> 1 | BX17: 132400516 | BY17: =IF(BX17=0,0,VLOOKUP(BX17,struktura!$B:$D,3,FALSE)) -> ASM Ohišje desno 600 RAL9005 | BZ17: =IF(BX17=0,0,BZ$1/VLOOKUP(BX17,struktura!$B:$F,5,FALSE)) -> 1590 | CA17: =VLOOKUP(BX17,struktura!$B:$G,6,FALSE) -> 1.5 | CB17: 132400516 | CC17: =IF(CB17=0,0,VLOOKUP(CB17,struktura!$B:$D,3,FALSE)) -> ASM Ohišje desno 600 RAL9005 | CD17: =IF(CB17=0,0,CD$1/VLOOKUP(CB17,struktura!$B:$F,5,FALSE)) -> 1590 | CE17: =VLOOKUP(CB17,struktura!$B:$G,6,FALSE) -> 1.5 | CF17: 132400516 | CG17: =IF(CF17=0,0,VLOOKUP(CF17,struktura!$B:$D,3,FALSE)) -> ASM Ohišje desno 600 RAL9005 | CH17: =IF(CF17=0,0,CH$1/VLOOKUP(CF17,struktura!$B:$F,5,FALSE)) -> 1590 | CI17: =VLOOKUP(CF17,struktura!$B:$G,6,FALSE) -> 1.5 | CJ17: 132400516 | CK17: =IF(CJ17=0,0,VLOOKUP(CJ17,struktura!$B:$D,3,FALSE)) -> ASM Ohišje desno 600 RAL9005 | CL17: =IF(CJ17=0,0,CL$1/VLOOKUP(CJ17,struktura!$B:$F,5,FALSE)) -> 1590 | CM17: =VLOOKUP(CJ17,struktura!$B:$G,6,FALSE) -> 1.5 | CN17: 132400516 | CO17: =IF(CN17=0,0,VLOOKUP(CN17,struktura!$B:$D,3,FALSE)) -> ASM Ohišje desno 600 RAL9005 | CP17: =IF(CN17=0,0,CP$1/VLOOKUP(CN17,struktura!$B:$F,5,FALSE)) -> 1590 | CQ17: =VLOOKUP(CN17,struktura!$B:$G,6,FALSE) -> 1.5 | CR17: 132400516 | CS17: =IF(CR17=0,0,VLOOKUP(CR17,struktura!$B:$D,3,FALSE)) -> ASM Ohišje desno 600 RAL9005 | CT17: =IF(CR17=0,0,CT$1/VLOOKUP(CR17,struktura!$B:$F,5,FALSE)) -> 1590 | CU17: =VLOOKUP(CR17,struktura!$B:$G,6,FALSE) -> 1.5 | CW17: =IF(CV17=0,0,VLOOKUP(CV17,struktura!$B:$D,3,FALSE)) -> 0 | CX17: =IF(CV17=0,0,CX$1/VLOOKUP(CV17,struktura!$B:$F,5,FALSE)) -> 0 | CY17: =VLOOKUP(CV17,struktura!$B:$G,6,FALSE) -> 0 | DE17: =IF(DD17=0,0,VLOOKUP(DD17,struktura!$B:$D,3,FALSE)) -> 0 | DF17: =IF(DD17=0,0,DF$1/VLOOKUP(DD17,struktura!$B:$F,5,FALSE)) -> 0 | DG17: =VLOOKUP(DD17,struktura!$B:$G,6,FALSE) -> 0 | DI17: =IF(DH17=0,0,VLOOKUP(DH17,struktura!$B:$D,3,FALSE)) -> 0 | DJ17: =IF(DH17=0,0,DJ$1/VLOOKUP(DH17,struktura!$B:$F,5,FALSE)) -> 0 | DK17: =VLOOKUP(DH17,struktura!$B:$G,6,FALSE) -> 0 | DM17: =IF(DL17=0,0,VLOOKUP(DL17,struktura!$B:$D,3,FALSE)) -> 0 | DN17: =IF(DL17=0,0,DN$1/VLOOKUP(DL17,struktura!$B:$F,5,FALSE)) -> 0 | DO17: =VLOOKUP(DL17,struktura!$B:$G,6,FALSE) -> 0 | DQ17: =IF(DP17=0,0,VLOOKUP(DP17,struktura!$B:$D,3,FALSE)) -> 0 | DR17: =IF(DP17=0,0,DR$1/VLOOKUP(DP17,struktura!$B:$F,5,FALSE)) -> 0 | DS17: =VLOOKUP(DP17,struktura!$B:$G,6,FALSE) -> 0
H18: P250809810 | T18: vzorčenje mletina , 200kosP250810092 +500 lakiranje P251108513, P250810975 | X18: vzorčenje 20 kos nov potisk , P250809932 serija 4.000 - 3 dni | AN18: P251009257 serija 2.000 kos (sur za redno + facelift) | AV18: 5S delavnica - 2 dni
B19: 4 | C19: EN 600 R | E19: =IF(D19=0,"0",VLOOKUP(D19,struktura!$B:$D,3,FALSE)) -> 0 | F19: =IF(D19=0,"",24/VLOOKUP(D19,struktura!$B:$F,5,FALSE)) | G19: =VLOOKUP(D19,struktura!$B:$G,6,FALSE) -> 0 | H19: 200100040 | I19: Vertikalni profil vrat BIO2 MF des. | J19: 3750 | K19: 0.25 | L19: 200100040 | M19: =IF(L19=0,0,VLOOKUP(L19,struktura!$B:$D,3,FALSE)) -> Vertikalni profil vrat BIO2 MF des. | N19: =IF(L19=0,0,N$1/VLOOKUP(L19,struktura!$B:$F,5,FALSE)) -> 3750 | O19: =VLOOKUP(L19,struktura!$B:$G,6,FALSE) -> 0.25 | Q19: =IF(P19=0,0,VLOOKUP(P19,struktura!$B:$D,3,FALSE)) -> 0 | R19: =IF(P19=0,0,R$1/VLOOKUP(P19,struktura!$B:$F,5,FALSE)) -> 0 | S19: =VLOOKUP(P19,struktura!$B:$G,6,FALSE) -> 0 | T19: 200100042 | U19: =IF(T19=0,0,VLOOKUP(T19,struktura!$B:$D,3,FALSE)) -> Vertikalni profil vrat BIO2 PY des. | V19: =IF(T19=0,0,V$1/VLOOKUP(T19,struktura!$B:$F,5,FALSE)) -> 3750 | W19: =VLOOKUP(T19,struktura!$B:$G,6,FALSE) -> 0.25 | X19: 200100042 | Y19: =IF(X19=0,0,VLOOKUP(X19,struktura!$B:$D,3,FALSE)) -> Vertikalni profil vrat BIO2 PY des. | Z19: =IF(X19=0,0,Z$1/VLOOKUP(X19,struktura!$B:$F,5,FALSE)) -> 3750 | AA19: =VLOOKUP(X19,struktura!$B:$G,6,FALSE) -> 0.25 | AB19: 200100042 | AC19: =IF(AB19=0,0,VLOOKUP(AB19,struktura!$B:$D,3,FALSE)) -> Vertikalni profil vrat BIO2 PY des. | AD19: =IF(AB19=0,0,AD$1/VLOOKUP(AB19,struktura!$B:$F,5,FALSE)) -> 3750 | AE19: =VLOOKUP(AB19,struktura!$B:$G,6,FALSE) -> 0.25 | AF19: 200100040 | AG19: =IF(AF19=0,0,VLOOKUP(AF19,struktura!$B:$D,3,FALSE)) -> Vertikalni profil vrat BIO2 MF des. | AH19: =IF(AF19=0,0,AH$1/VLOOKUP(AF19,struktura!$B:$F,5,FALSE)) -> 3750 | AI19: =VLOOKUP(AF19,struktura!$B:$G,6,FALSE) -> 0.25 | AJ19: 200100040 | AK19: =IF(AJ19=0,0,VLOOKUP(AJ19,struktura!$B:$D,3,FALSE)) -> Vertikalni profil vrat BIO2 MF des. | AL19: =IF(AJ19=0,0,AL$1/VLOOKUP(AJ19,struktura!$B:$F,5,FALSE)) -> 3750 | AM19: =VLOOKUP(AJ19,struktura!$B:$G,6,FALSE) -> 0.25 | AN19: 200100040 | AO19: =IF(AN19=0,0,VLOOKUP(AN19,struktura!$B:$D,3,FALSE)) -> Vertikalni profil vrat BIO2 MF des. | AP19: =IF(AN19=0,0,AP$1/VLOOKUP(AN19,struktura!$B:$F,5,FALSE)) -> 3750 | AQ19: =VLOOKUP(AN19,struktura!$B:$G,6,FALSE) -> 0.25 | AR19: 200100040 | AS19: =IF(AR19=0,0,VLOOKUP(AR19,struktura!$B:$D,3,FALSE)) -> Vertikalni profil vrat BIO2 MF des. | AT19: =IF(AR19=0,0,AT$1/VLOOKUP(AR19,struktura!$B:$F,5,FALSE)) -> 3750 | AU19: =VLOOKUP(AR19,struktura!$B:$G,6,FALSE) -> 0.25 | AV19: 200100040 | AW19: =IF(AV19=0,0,VLOOKUP(AV19,struktura!$B:$D,3,FALSE)) -> Vertikalni profil vrat BIO2 MF des. | AX19: =IF(AV19=0,0,AX$1/VLOOKUP(AV19,struktura!$B:$F,5,FALSE)) -> 3750 | AY19: =VLOOKUP(AV19,struktura!$B:$G,6,FALSE) -> 0.25 | AZ19: 200100040 | BA19: =IF(AZ19=0,0,VLOOKUP(AZ19,struktura!$B:$D,3,FALSE)) -> Vertikalni profil vrat BIO2 MF des. | BB19: =IF(AZ19=0,0,BB$1/VLOOKUP(AZ19,struktura!$B:$F,5,FALSE)) -> 3750 | BC19: =VLOOKUP(AZ19,struktura!$B:$G,6,FALSE) -> 0.25 | BD19: 200100040 | BE19: =IF(BD19=0,0,VLOOKUP(BD19,struktura!$B:$D,3,FALSE)) -> Vertikalni profil vrat BIO2 MF des. | BF19: =IF(BD19=0,0,BF$1/VLOOKUP(BD19,struktura!$B:$F,5,FALSE)) -> 3750 | BG19: =VLOOKUP(BD19,struktura!$B:$G,6,FALSE) -> 0.25 | BH19: 200100040 | BI19: =IF(BH19=0,0,VLOOKUP(BH19,struktura!$B:$D,3,FALSE)) -> Vertikalni profil vrat BIO2 MF des. | BJ19: =IF(BH19=0,0,BJ$1/VLOOKUP(BH19,struktura!$B:$F,5,FALSE)) -> 3750 | BK19: =VLOOKUP(BH19,struktura!$B:$G,6,FALSE) -> 0.25 | BL19: 200100040 | BM19: =IF(BL19=0,0,VLOOKUP(BL19,struktura!$B:$D,3,FALSE)) -> Vertikalni profil vrat BIO2 MF des. | BN19: =IF(BL19=0,0,BN$1/VLOOKUP(BL19,struktura!$B:$F,5,FALSE)) -> 3750 | BO19: =VLOOKUP(BL19,struktura!$B:$G,6,FALSE) -> 0.25 | BQ19: =IF(BP19=0,0,VLOOKUP(BP19,struktura!$B:$D,3,FALSE)) -> 0 | BR19: =IF(BP19=0,0,BR$1/VLOOKUP(BP19,struktura!$B:$F,5,FALSE)) -> 0 | BS19: =VLOOKUP(BP19,struktura!$B:$G,6,FALSE) -> 0 | BU19: =IF(BT19=0,0,VLOOKUP(BT19,struktura!$B:$D,3,FALSE)) -> 0 | BV19: =IF(BT19=0,0,BV$1/VLOOKUP(BT19,struktura!$B:$F,5,FALSE)) -> 0 | BW19: =VLOOKUP(BT19,struktura!$B:$G,6,FALSE) -> 0 | BY19: =IF(BX19=0,0,VLOOKUP(BX19,struktura!$B:$D,3,FALSE)) -> 0 | BZ19: =IF(BX19=0,0,BZ$1/VLOOKUP(BX19,struktura!$B:$F,5,FALSE)) -> 0 | CA19: =VLOOKUP(BX19,struktura!$B:$G,6,FALSE) -> 0 | CC19: =IF(CB19=0,0,VLOOKUP(CB19,struktura!$B:$D,3,FALSE)) -> 0 | CD19: =IF(CB19=0,0,CD$1/VLOOKUP(CB19,struktura!$B:$F,5,FALSE)) -> 0 | CE19: =VLOOKUP(CB19,struktura!$B:$G,6,FALSE) -> 0 | CG19: =IF(CF19=0,0,VLOOKUP(CF19,struktura!$B:$D,3,FALSE)) -> 0 | CH19: =IF(CF19=0,0,CH$1/VLOOKUP(CF19,struktura!$B:$F,5,FALSE)) -> 0 | CI19: =VLOOKUP(CF19,struktura!$B:$G,6,FALSE) -> 0 | CK19: =IF(CJ19=0,0,VLOOKUP(CJ19,struktura!$B:$D,3,FALSE)) -> 0 | CL19: =IF(CJ19=0,0,CL$1/VLOOKUP(CJ19,struktura!$B:$F,5,FALSE)) -> 0 | CM19: =VLOOKUP(CJ19,struktura!$B:$G,6,FALSE) -> 0 | CN19: 200100040 | CO19: =IF(CN19=0,0,VLOOKUP(CN19,struktura!$B:$D,3,FALSE)) -> Vertikalni profil vrat BIO2 MF des. | CP19: =IF(CN19=0,0,CP$1/VLOOKUP(CN19,struktura!$B:$F,5,FALSE)) -> 3750 | CQ19: =VLOOKUP(CN19,struktura!$B:$G,6,FALSE) -> 0.25 | CR19: 200100040 | CS19: =IF(CR19=0,0,VLOOKUP(CR19,struktura!$B:$D,3,FALSE)) -> Vertikalni profil vrat BIO2 MF des. | CT19: =IF(CR19=0,0,CT$1/VLOOKUP(CR19,struktura!$B:$F,5,FALSE)) -> 3750 | CU19: =VLOOKUP(CR19,struktura!$B:$G,6,FALSE) -> 0.25 | CV19: 200100040 | CW19: =IF(CV19=0,0,VLOOKUP(CV19,struktura!$B:$D,3,FALSE)) -> Vertikalni profil vrat BIO2 MF des. | CX19: =IF(CV19=0,0,CX$1/VLOOKUP(CV19,struktura!$B:$F,5,FALSE)) -> 3750 | CY19: =VLOOKUP(CV19,struktura!$B:$G,6,FALSE) -> 0.25 | DE19: =IF(DD19=0,0,VLOOKUP(DD19,struktura!$B:$D,3,FALSE)) -> 0 | DF19: =IF(DD19=0,0,DF$1/VLOOKUP(DD19,struktura!$B:$F,5,FALSE)) -> 0 | DG19: =VLOOKUP(DD19,struktura!$B:$G,6,FALSE) -> 0 | DI19: =IF(DH19=0,0,VLOOKUP(DH19,struktura!$B:$D,3,FALSE)) -> 0 | DJ19: =IF(DH19=0,0,DJ$1/VLOOKUP(DH19,struktura!$B:$F,5,FALSE)) -> 0 | DK19: =VLOOKUP(DH19,struktura!$B:$G,6,FALSE) -> 0 | DM19: =IF(DL19=0,0,VLOOKUP(DL19,struktura!$B:$D,3,FALSE)) -> 0 | DN19: =IF(DL19=0,0,DN$1/VLOOKUP(DL19,struktura!$B:$F,5,FALSE)) -> 0 | DO19: =VLOOKUP(DL19,struktura!$B:$G,6,FALSE) -> 0 | DQ19: =IF(DP19=0,0,VLOOKUP(DP19,struktura!$B:$D,3,FALSE)) -> 0 | DR19: =IF(DP19=0,0,DR$1/VLOOKUP(DP19,struktura!$B:$F,5,FALSE)) -> 0 | DS19: =VLOOKUP(DP19,struktura!$B:$G,6,FALSE) -> 0
P20: servis orodja, četrtek menjava materiala | T20: po servisu P250910452, P250810673 | AF20: P250910327 | BP20: orodje na popravilo za 1 teden | BT20: 5S delavnica - 2 dni | CN20: zagon po popravilu orodja
B21: 5 | C21: KM 300 R | E21: =IF(D21=0,"0",VLOOKUP(D21,struktura!$B:$D,3,FALSE)) -> 0 | F21: =IF(D21=0,"",24/VLOOKUP(D21,struktura!$B:$F,5,FALSE)) | G21: =VLOOKUP(D21,struktura!$B:$G,6,FALSE) -> 0 | I21: 0 | J21: 0 | K21: 0 | M21: =IF(L21=0,0,VLOOKUP(L21,struktura!$B:$D,3,FALSE)) -> 0 | N21: =IF(L21=0,0,N$1/VLOOKUP(L21,struktura!$B:$F,5,FALSE)) -> 0 | O21: =VLOOKUP(L21,struktura!$B:$G,6,FALSE) -> 0 | Q21: =IF(P21=0,0,VLOOKUP(P21,struktura!$B:$D,3,FALSE)) -> 0 | R21: =IF(P21=0,0,R$1/VLOOKUP(P21,struktura!$B:$F,5,FALSE)) -> 0 | S21: =VLOOKUP(P21,struktura!$B:$G,6,FALSE) -> 0 | U21: =IF(T21=0,0,VLOOKUP(T21,struktura!$B:$D,3,FALSE)) -> 0 | V21: =IF(T21=0,0,V$1/VLOOKUP(T21,struktura!$B:$F,5,FALSE)) -> 0 | W21: =VLOOKUP(T21,struktura!$B:$G,6,FALSE) -> 0 | Y21: =IF(X21=0,0,VLOOKUP(X21,struktura!$B:$D,3,FALSE)) -> 0 | Z21: =IF(X21=0,0,Z$1/VLOOKUP(X21,struktura!$B:$F,5,FALSE)) -> 0 | AA21: =VLOOKUP(X21,struktura!$B:$G,6,FALSE) -> 0 | AC21: =IF(AB21=0,0,VLOOKUP(AB21,struktura!$B:$D,3,FALSE)) -> 0 | AD21: =IF(AB21=0,0,AD$1/VLOOKUP(AB21,struktura!$B:$F,5,FALSE)) -> 0 | AE21: =VLOOKUP(AB21,struktura!$B:$G,6,FALSE) -> 0 | AG21: =IF(AF21=0,0,VLOOKUP(AF21,struktura!$B:$D,3,FALSE)) -> 0 | AH21: =IF(AF21=0,0,AH$1/VLOOKUP(AF21,struktura!$B:$F,5,FALSE)) -> 0 | AI21: =VLOOKUP(AF21,struktura!$B:$G,6,FALSE) -> 0 | AK21: =IF(AJ21=0,0,VLOOKUP(AJ21,struktura!$B:$D,3,FALSE)) -> 0 | AL21: =IF(AJ21=0,0,AL$1/VLOOKUP(AJ21,struktura!$B:$F,5,FALSE)) -> 0 | AM21: =VLOOKUP(AJ21,struktura!$B:$G,6,FALSE) -> 0 | AO21: =IF(AN21=0,0,VLOOKUP(AN21,struktura!$B:$D,3,FALSE)) -> 0 | AP21: =IF(AN21=0,0,AP$1/VLOOKUP(AN21,struktura!$B:$F,5,FALSE)) -> 0 | AQ21: =VLOOKUP(AN21,struktura!$B:$G,6,FALSE) -> 0 | AS21: =IF(AR21=0,0,VLOOKUP(AR21,struktura!$B:$D,3,FALSE)) -> 0 | AT21: =IF(AR21=0,0,AT$1/VLOOKUP(AR21,struktura!$B:$F,5,FALSE)) -> 0 | AU21: =VLOOKUP(AR21,struktura!$B:$G,6,FALSE) -> 0 | AW21: =IF(AV21=0,0,VLOOKUP(AV21,struktura!$B:$D,3,FALSE)) -> 0 | AX21: =IF(AV21=0,0,AX$1/VLOOKUP(AV21,struktura!$B:$F,5,FALSE)) -> 0 | AY21: =VLOOKUP(AV21,struktura!$B:$G,6,FALSE) -> 0 | BA21: =IF(AZ21=0,0,VLOOKUP(AZ21,struktura!$B:$D,3,FALSE)) -> 0 | BB21: =IF(AZ21=0,0,BB$1/VLOOKUP(AZ21,struktura!$B:$F,5,FALSE)) -> 0 | BC21: =VLOOKUP(AZ21,struktura!$B:$G,6,FALSE) -> 0 | BE21: =IF(BD21=0,0,VLOOKUP(BD21,struktura!$B:$D,3,FALSE)) -> 0 | BF21: =IF(BD21=0,0,BF$1/VLOOKUP(BD21,struktura!$B:$F,5,FALSE)) -> 0 | BG21: =VLOOKUP(BD21,struktura!$B:$G,6,FALSE) -> 0 | BI21: =IF(BH21=0,0,VLOOKUP(BH21,struktura!$B:$D,3,FALSE)) -> 0 | BJ21: =IF(BH21=0,0,BJ$1/VLOOKUP(BH21,struktura!$B:$F,5,FALSE)) -> 0 | BK21: =VLOOKUP(BH21,struktura!$B:$G,6,FALSE) -> 0 | BM21: =IF(BL21=0,0,VLOOKUP(BL21,struktura!$B:$D,3,FALSE)) -> 0 | BN21: =IF(BL21=0,0,BN$1/VLOOKUP(BL21,struktura!$B:$F,5,FALSE)) -> 0 | BO21: =VLOOKUP(BL21,struktura!$B:$G,6,FALSE) -> 0 | BQ21: =IF(BP21=0,0,VLOOKUP(BP21,struktura!$B:$D,3,FALSE)) -> 0 | BR21: =IF(BP21=0,0,BR$1/VLOOKUP(BP21,struktura!$B:$F,5,FALSE)) -> 0 | BS21: =VLOOKUP(BP21,struktura!$B:$G,6,FALSE) -> 0 | BU21: =IF(BT21=0,0,VLOOKUP(BT21,struktura!$B:$D,3,FALSE)) -> 0 | BV21: =IF(BT21=0,0,BV$1/VLOOKUP(BT21,struktura!$B:$F,5,FALSE)) -> 0 | BW21: =VLOOKUP(BT21,struktura!$B:$G,6,FALSE) -> 0 | BY21: =IF(BX21=0,0,VLOOKUP(BX21,struktura!$B:$D,3,FALSE)) -> 0 | BZ21: =IF(BX21=0,0,BZ$1/VLOOKUP(BX21,struktura!$B:$F,5,FALSE)) -> 0 | CA21: =VLOOKUP(BX21,struktura!$B:$G,6,FALSE) -> 0 | CC21: =IF(CB21=0,0,VLOOKUP(CB21,struktura!$B:$D,3,FALSE)) -> 0 | CD21: =IF(CB21=0,0,CD$1/VLOOKUP(CB21,struktura!$B:$F,5,FALSE)) -> 0 | CE21: =VLOOKUP(CB21,struktura!$B:$G,6,FALSE) -> 0 | CG21: =IF(CF21=0,0,VLOOKUP(CF21,struktura!$B:$D,3,FALSE)) -> 0 | CH21: =IF(CF21=0,0,CH$1/VLOOKUP(CF21,struktura!$B:$F,5,FALSE)) -> 0 | CI21: =VLOOKUP(CF21,struktura!$B:$G,6,FALSE) -> 0 | CK21: =IF(CJ21=0,0,VLOOKUP(CJ21,struktura!$B:$D,3,FALSE)) -> 0 | CL21: =IF(CJ21=0,0,CL$1/VLOOKUP(CJ21,struktura!$B:$F,5,FALSE)) -> 0 | CM21: =VLOOKUP(CJ21,struktura!$B:$G,6,FALSE) -> 0 | CO21: =IF(CN21=0,0,VLOOKUP(CN21,struktura!$B:$D,3,FALSE)) -> 0 | CP21: =IF(CN21=0,0,CP$1/VLOOKUP(CN21,struktura!$B:$F,5,FALSE)) -> 0 | CQ21: =VLOOKUP(CN21,struktura!$B:$G,6,FALSE) -> 0 | CS21: =IF(CR21=0,0,VLOOKUP(CR21,struktura!$B:$D,3,FALSE)) -> 0 | CT21: =IF(CR21=0,0,CT$1/VLOOKUP(CR21,struktura!$B:$F,5,FALSE)) -> 0 | CU21: =VLOOKUP(CR21,struktura!$B:$G,6,FALSE) -> 0 | CW21: =IF(CV21=0,0,VLOOKUP(CV21,struktura!$B:$D,3,FALSE)) -> 0 | CX21: =IF(CV21=0,0,CX$1/VLOOKUP(CV21,struktura!$B:$F,5,FALSE)) -> 0 | CY21: =VLOOKUP(CV21,struktura!$B:$G,6,FALSE) -> 0 | DE21: =IF(DD21=0,0,VLOOKUP(DD21,struktura!$B:$D,3,FALSE)) -> 0 | DF21: =IF(DD21=0,0,DF$1/VLOOKUP(DD21,struktura!$B:$F,5,FALSE)) -> 0 | DG21: =VLOOKUP(DD21,struktura!$B:$G,6,FALSE) -> 0 | DI21: =IF(DH21=0,0,VLOOKUP(DH21,struktura!$B:$D,3,FALSE)) -> 0 | DJ21: =IF(DH21=0,0,DJ$1/VLOOKUP(DH21,struktura!$B:$F,5,FALSE)) -> 0 | DK21: =VLOOKUP(DH21,struktura!$B:$G,6,FALSE) -> 0 | DM21: =IF(DL21=0,0,VLOOKUP(DL21,struktura!$B:$D,3,FALSE)) -> 0 | DN21: =IF(DL21=0,0,DN$1/VLOOKUP(DL21,struktura!$B:$F,5,FALSE)) -> 0 | DO21: =VLOOKUP(DL21,struktura!$B:$G,6,FALSE) -> 0 | DQ21: =IF(DP21=0,0,VLOOKUP(DP21,struktura!$B:$D,3,FALSE)) -> 0 | DR21: =IF(DP21=0,0,DR$1/VLOOKUP(DP21,struktura!$B:$F,5,FALSE)) -> 0 | DS21: =VLOOKUP(DP21,struktura!$B:$G,6,FALSE) -> 0
BD22: 5S delavnica - 2 dni
A23: HALA 1 | B23: 6 | C23: KM 200 R | E23: =IF(D23=0,"0",VLOOKUP(D23,struktura!$B:$D,3,FALSE)) -> 0 | F23: =IF(D23=0,"",24/VLOOKUP(D23,struktura!$B:$F,5,FALSE)) | G23: =VLOOKUP(D23,struktura!$B:$G,6,FALSE) -> 0 | H23: 132110684 | I23: Levi pokrov ohišja K10_Ver.01_sur.1_x000D_ Sur. za vroči tisk | J23: 1680 | K23: 0.5 | L23: 132100490 | M23: =IF(L23=0,0,VLOOKUP(L23,struktura!$B:$D,3,FALSE)) -> BUS CASE BOTTOM V2 | N23: =IF(L23=0,0,N$1/VLOOKUP(L23,struktura!$B:$F,5,FALSE)) -> 3130.4348 | O23: =VLOOKUP(L23,struktura!$B:$G,6,FALSE) -> 0.5 | P23: 132100490 | Q23: =IF(P23=0,0,VLOOKUP(P23,struktura!$B:$D,3,FALSE)) -> BUS CASE BOTTOM V2 | R23: =IF(P23=0,0,R$1/VLOOKUP(P23,struktura!$B:$F,5,FALSE)) -> 3130.4348 | S23: =VLOOKUP(P23,struktura!$B:$G,6,FALSE) -> 0.5 | T23: 132100490 | U23: =IF(T23=0,0,VLOOKUP(T23,struktura!$B:$D,3,FALSE)) -> BUS CASE BOTTOM V2 | V23: =IF(T23=0,0,V$1/VLOOKUP(T23,struktura!$B:$F,5,FALSE)) -> 3130.4348 | W23: =VLOOKUP(T23,struktura!$B:$G,6,FALSE) -> 0.5 | X23: 132100490 | Y23: =IF(X23=0,0,VLOOKUP(X23,struktura!$B:$D,3,FALSE)) -> BUS CASE BOTTOM V2 | Z23: =IF(X23=0,0,Z$1/VLOOKUP(X23,struktura!$B:$F,5,FALSE)) -> 3130.4348 | AA23: =VLOOKUP(X23,struktura!$B:$G,6,FALSE) -> 0.5 | AB23: 132100490 | AC23: =IF(AB23=0,0,VLOOKUP(AB23,struktura!$B:$D,3,FALSE)) -> BUS CASE BOTTOM V2 | AD23: =IF(AB23=0,0,AD$1/VLOOKUP(AB23,struktura!$B:$F,5,FALSE)) -> 3130.4348 | AE23: =VLOOKUP(AB23,struktura!$B:$G,6,FALSE) -> 0.5 | AF23: 132100490 | AG23: =IF(AF23=0,0,VLOOKUP(AF23,struktura!$B:$D,3,FALSE)) -> BUS CASE BOTTOM V2 | AH23: =IF(AF23=0,0,AH$1/VLOOKUP(AF23,struktura!$B:$F,5,FALSE)) -> 3130.4348 | AI23: =VLOOKUP(AF23,struktura!$B:$G,6,FALSE) -> 0.5 | AJ23: 132100490 | AK23: =IF(AJ23=0,0,VLOOKUP(AJ23,struktura!$B:$D,3,FALSE)) -> BUS CASE BOTTOM V2 | AL23: =IF(AJ23=0,0,AL$1/VLOOKUP(AJ23,struktura!$B:$F,5,FALSE)) -> 3130.4348 | AM23: =VLOOKUP(AJ23,struktura!$B:$G,6,FALSE) -> 0.5 | AN23: 132100490 | AO23: =IF(AN23=0,0,VLOOKUP(AN23,struktura!$B:$D,3,FALSE)) -> BUS CASE BOTTOM V2 | AP23: =IF(AN23=0,0,AP$1/VLOOKUP(AN23,struktura!$B:$F,5,FALSE)) -> 3130.4348 | AQ23: =VLOOKUP(AN23,struktura!$B:$G,6,FALSE) -> 0.5 | AS23: =IF(AR23=0,0,VLOOKUP(AR23,struktura!$B:$D,3,FALSE)) -> 0 | AT23: =IF(AR23=0,0,AT$1/VLOOKUP(AR23,struktura!$B:$F,5,FALSE)) -> 0 | AU23: =VLOOKUP(AR23,struktura!$B:$G,6,FALSE) -> 0 | AV23: 132100490 | AW23: =IF(AV23=0,0,VLOOKUP(AV23,struktura!$B:$D,3,FALSE)) -> BUS CASE BOTTOM V2 | AX23: =IF(AV23=0,0,AX$1/VLOOKUP(AV23,struktura!$B:$F,5,FALSE)) -> 3130.4348 | AY23: =VLOOKUP(AV23,struktura!$B:$G,6,FALSE) -> 0.5 | AZ23: 132100490 | BA23: =IF(AZ23=0,0,VLOOKUP(AZ23,struktura!$B:$D,3,FALSE)) -> BUS CASE BOTTOM V2 | BB23: =IF(AZ23=0,0,BB$1/VLOOKUP(AZ23,struktura!$B:$F,5,FALSE)) -> 3130.4348 | BC23: =VLOOKUP(AZ23,struktura!$B:$G,6,FALSE) -> 0.5 | BD23: 132100490 | BE23: =IF(BD23=0,0,VLOOKUP(BD23,struktura!$B:$D,3,FALSE)) -> BUS CASE BOTTOM V2 | BF23: =IF(BD23=0,0,BF$1/VLOOKUP(BD23,struktura!$B:$F,5,FALSE)) -> 3130.4348 | BG23: =VLOOKUP(BD23,struktura!$B:$G,6,FALSE) -> 0.5 | BH23: 132100490 | BI23: =IF(BH23=0,0,VLOOKUP(BH23,struktura!$B:$D,3,FALSE)) -> BUS CASE BOTTOM V2 | BJ23: =IF(BH23=0,0,BJ$1/VLOOKUP(BH23,struktura!$B:$F,5,FALSE)) -> 3130.4348 | BK23: =VLOOKUP(BH23,struktura!$B:$G,6,FALSE) -> 0.5 | BM23: =IF(BL23=0,0,VLOOKUP(BL23,struktura!$B:$D,3,FALSE)) -> 0 | BN23: =IF(BL23=0,0,BN$1/VLOOKUP(BL23,struktura!$B:$F,5,FALSE)) -> 0 | BO23: =VLOOKUP(BL23,struktura!$B:$G,6,FALSE) -> 0 | BQ23: =IF(BP23=0,0,VLOOKUP(BP23,struktura!$B:$D,3,FALSE)) -> 0 | BR23: =IF(BP23=0,0,BR$1/VLOOKUP(BP23,struktura!$B:$F,5,FALSE)) -> 0 | BS23: =VLOOKUP(BP23,struktura!$B:$G,6,FALSE) -> 0 | BU23: =IF(BT23=0,0,VLOOKUP(BT23,struktura!$B:$D,3,FALSE)) -> 0 | BV23: =IF(BT23=0,0,BV$1/VLOOKUP(BT23,struktura!$B:$F,5,FALSE)) -> 0 | BW23: =VLOOKUP(BT23,struktura!$B:$G,6,FALSE) -> 0 | BY23: =IF(BX23=0,0,VLOOKUP(BX23,struktura!$B:$D,3,FALSE)) -> 0 | BZ23: =IF(BX23=0,0,BZ$1/VLOOKUP(BX23,struktura!$B:$F,5,FALSE)) -> 0 | CA23: =VLOOKUP(BX23,struktura!$B:$G,6,FALSE) -> 0 | CC23: =IF(CB23=0,0,VLOOKUP(CB23,struktura!$B:$D,3,FALSE)) -> 0 | CD23: =IF(CB23=0,0,CD$1/VLOOKUP(CB23,struktura!$B:$F,5,FALSE)) -> 0 | CE23: =VLOOKUP(CB23,struktura!$B:$G,6,FALSE) -> 0 | CF23: 132100490 | CG23: =IF(CF23=0,0,VLOOKUP(CF23,struktura!$B:$D,3,FALSE)) -> BUS CASE BOTTOM V2 | CH23: =IF(CF23=0,0,CH$1/VLOOKUP(CF23,struktura!$B:$F,5,FALSE)) -> 3130.4348 | CI23: =VLOOKUP(CF23,struktura!$B:$G,6,FALSE) -> 0.5 | CJ23: 132100490 | CK23: =IF(CJ23=0,0,VLOOKUP(CJ23,struktura!$B:$D,3,FALSE)) -> BUS CASE BOTTOM V2 | CL23: =IF(CJ23=0,0,CL$1/VLOOKUP(CJ23,struktura!$B:$F,5,FALSE)) -> 3130.4348 | CM23: =VLOOKUP(CJ23,struktura!$B:$G,6,FALSE) -> 0.5 | CN23: 132100490 | CO23: =IF(CN23=0,0,VLOOKUP(CN23,struktura!$B:$D,3,FALSE)) -> BUS CASE BOTTOM V2 | CP23: =IF(CN23=0,0,CP$1/VLOOKUP(CN23,struktura!$B:$F,5,FALSE)) -> 3130.4348 | CQ23: =VLOOKUP(CN23,struktura!$B:$G,6,FALSE) -> 0.5 | CR23: 132100490 | CS23: =IF(CR23=0,0,VLOOKUP(CR23,struktura!$B:$D,3,FALSE)) -> BUS CASE BOTTOM V2 | CT23: =IF(CR23=0,0,CT$1/VLOOKUP(CR23,struktura!$B:$F,5,FALSE)) -> 3130.4348 | CU23: =VLOOKUP(CR23,struktura!$B:$G,6,FALSE) -> 0.5 | CV23: 132100490 | CW23: =IF(CV23=0,0,VLOOKUP(CV23,struktura!$B:$D,3,FALSE)) -> BUS CASE BOTTOM V2 | CX23: =IF(CV23=0,0,CX$1/VLOOKUP(CV23,struktura!$B:$F,5,FALSE)) -> 3130.4348 | CY23: =VLOOKUP(CV23,struktura!$B:$G,6,FALSE) -> 0.5 | DE23: =IF(DD23=0,0,VLOOKUP(DD23,struktura!$B:$D,3,FALSE)) -> 0 | DF23: =IF(DD23=0,0,DF$1/VLOOKUP(DD23,struktura!$B:$F,5,FALSE)) -> 0 | DG23: =VLOOKUP(DD23,struktura!$B:$G,6,FALSE) -> 0 | DI23: =IF(DH23=0,0,VLOOKUP(DH23,struktura!$B:$D,3,FALSE)) -> 0 | DJ23: =IF(DH23=0,0,DJ$1/VLOOKUP(DH23,struktura!$B:$F,5,FALSE)) -> 0 | DK23: =VLOOKUP(DH23,struktura!$B:$G,6,FALSE) -> 0 | DM23: =IF(DL23=0,0,VLOOKUP(DL23,struktura!$B:$D,3,FALSE)) -> 0 | DN23: =IF(DL23=0,0,DN$1/VLOOKUP(DL23,struktura!$B:$F,5,FALSE)) -> 0 | DO23: =VLOOKUP(DL23,struktura!$B:$G,6,FALSE) -> 0 | DQ23: =IF(DP23=0,0,VLOOKUP(DP23,struktura!$B:$D,3,FALSE)) -> 0 | DR23: =IF(DP23=0,0,DR$1/VLOOKUP(DP23,struktura!$B:$F,5,FALSE)) -> 0 | DS23: =VLOOKUP(DP23,struktura!$B:$G,6,FALSE) -> 0
L24: P260600750 po popravilu orodja | BL24: 5S delavnica - 2 dni
B25: 7 | C25: KM 200 R | E25: =IF(D25=0,"0",VLOOKUP(D25,struktura!$B:$D,3,FALSE)) -> 0 | F25: =IF(D25=0,"",24/VLOOKUP(D25,struktura!$B:$F,5,FALSE)) | G25: =VLOOKUP(D25,struktura!$B:$G,6,FALSE) -> 0 | H25: 132110043 | I25: BLENDA SPODNJA MFQ4 VZF07246_sur._x000D_ surovec | J25: 4363.6364 | K25: 0.5 | L25: 132110043 | M25: =IF(L25=0,0,VLOOKUP(L25,struktura!$B:$D,3,FALSE)) -> BLENDA SPODNJA MFQ4 VZF07246_sur. surovec | N25: =IF(L25=0,0,N$1/VLOOKUP(L25,struktura!$B:$F,5,FALSE)) -> 4363.6364 | O25: =VLOOKUP(L25,struktura!$B:$G,6,FALSE) -> 0.5 | P25: 132110048 | Q25: =IF(P25=0,0,VLOOKUP(P25,struktura!$B:$D,3,FALSE)) -> BLENDA SPODNJA MFQ4 beige_sur. | R25: =IF(P25=0,0,R$1/VLOOKUP(P25,struktura!$B:$F,5,FALSE)) -> 4363.6364 | S25: =VLOOKUP(P25,struktura!$B:$G,6,FALSE) -> 0.5 | T25: 132110048 | U25: =IF(T25=0,0,VLOOKUP(T25,struktura!$B:$D,3,FALSE)) -> BLENDA SPODNJA MFQ4 beige_sur. | V25: =IF(T25=0,0,V$1/VLOOKUP(T25,struktura!$B:$F,5,FALSE)) -> 4363.6364 | W25: =VLOOKUP(T25,struktura!$B:$G,6,FALSE) -> 0.5 | Y25: =IF(X25=0,0,VLOOKUP(X25,struktura!$B:$D,3,FALSE)) -> 0 | Z25: =IF(X25=0,0,Z$1/VLOOKUP(X25,struktura!$B:$F,5,FALSE)) -> 0 | AA25: =VLOOKUP(X25,struktura!$B:$G,6,FALSE) -> 0 | AC25: =IF(AB25=0,0,VLOOKUP(AB25,struktura!$B:$D,3,FALSE)) -> 0 | AD25: =IF(AB25=0,0,AD$1/VLOOKUP(AB25,struktura!$B:$F,5,FALSE)) -> 0 | AE25: =VLOOKUP(AB25,struktura!$B:$G,6,FALSE) -> 0 | AF25: 132100008 | AG25: =IF(AF25=0,0,VLOOKUP(AF25,struktura!$B:$D,3,FALSE)) -> POKROV VRČA OSNOVNI B10 Jar lid entry B10 | AH25: =IF(AF25=0,0,AH$1/VLOOKUP(AF25,struktura!$B:$F,5,FALSE)) -> 1870.1299 | AI25: =VLOOKUP(AF25,struktura!$B:$G,6,FALSE) -> 0.25 | AJ25: 132100008 | AK25: =IF(AJ25=0,0,VLOOKUP(AJ25,struktura!$B:$D,3,FALSE)) -> POKROV VRČA OSNOVNI B10 Jar lid entry B10 | AL25: =IF(AJ25=0,0,AL$1/VLOOKUP(AJ25,struktura!$B:$F,5,FALSE)) -> 1870.1299 | AM25: =VLOOKUP(AJ25,struktura!$B:$G,6,FALSE) -> 0.25 | AN25: 132100008 | AO25: =IF(AN25=0,0,VLOOKUP(AN25,struktura!$B:$D,3,FALSE)) -> POKROV VRČA OSNOVNI B10 Jar lid entry B10 | AP25: =IF(AN25=0,0,AP$1/VLOOKUP(AN25,struktura!$B:$F,5,FALSE)) -> 1870.1299 | AQ25: =VLOOKUP(AN25,struktura!$B:$G,6,FALSE) -> 0.25 | AR25: 132100047 | AS25: =IF(AR25=0,0,VLOOKUP(AR25,struktura!$B:$D,3,FALSE)) -> POKROV VRČA B10 Ver.01 Jar Lid B10 Ver.01 | AT25: =IF(AR25=0,0,AT$1/VLOOKUP(AR25,struktura!$B:$F,5,FALSE)) -> 1870.1299 | AU25: =VLOOKUP(AR25,struktura!$B:$G,6,FALSE) -> 0.25 | AV25: 132100047 | AW25: =IF(AV25=0,0,VLOOKUP(AV25,struktura!$B:$D,3,FALSE)) -> POKROV VRČA B10 Ver.01 Jar Lid B10 Ver.01 | AX25: =IF(AV25=0,0,AX$1/VLOOKUP(AV25,struktura!$B:$F,5,FALSE)) -> 1870.1299 | AY25: =VLOOKUP(AV25,struktura!$B:$G,6,FALSE) -> 0.25 | BA25: =IF(AZ25=0,0,VLOOKUP(AZ25,struktura!$B:$D,3,FALSE)) -> 0 | BB25: =IF(AZ25=0,0,BB$1/VLOOKUP(AZ25,struktura!$B:$F,5,FALSE)) -> 0 | BC25: =VLOOKUP(AZ25,struktura!$B:$G,6,FALSE) -> 0 | BE25: =IF(BD25=0,0,VLOOKUP(BD25,struktura!$B:$D,3,FALSE)) -> 0 | BF25: =IF(BD25=0,0,BF$1/VLOOKUP(BD25,struktura!$B:$F,5,FALSE)) -> 0 | BG25: =VLOOKUP(BD25,struktura!$B:$G,6,FALSE) -> 0 | BI25: =IF(BH25=0,0,VLOOKUP(BH25,struktura!$B:$D,3,FALSE)) -> 0 | BJ25: =IF(BH25=0,0,BJ$1/VLOOKUP(BH25,struktura!$B:$F,5,FALSE)) -> 0 | BK25: =VLOOKUP(BH25,struktura!$B:$G,6,FALSE) -> 0 | BM25: =IF(BL25=0,0,VLOOKUP(BL25,struktura!$B:$D,3,FALSE)) -> 0 | BN25: =IF(BL25=0,0,BN$1/VLOOKUP(BL25,struktura!$B:$F,5,FALSE)) -> 0 | BO25: =VLOOKUP(BL25,struktura!$B:$G,6,FALSE) -> 0 | BQ25: =IF(BP25=0,0,VLOOKUP(BP25,struktura!$B:$D,3,FALSE)) -> 0 | BR25: =IF(BP25=0,0,BR$1/VLOOKUP(BP25,struktura!$B:$F,5,FALSE)) -> 0 | BS25: =VLOOKUP(BP25,struktura!$B:$G,6,FALSE) -> 0 | BU25: =IF(BT25=0,0,VLOOKUP(BT25,struktura!$B:$D,3,FALSE)) -> 0 | BV25: =IF(BT25=0,0,BV$1/VLOOKUP(BT25,struktura!$B:$F,5,FALSE)) -> 0 | BW25: =VLOOKUP(BT25,struktura!$B:$G,6,FALSE) -> 0 | BY25: =IF(BX25=0,0,VLOOKUP(BX25,struktura!$B:$D,3,FALSE)) -> 0 | BZ25: =IF(BX25=0,0,BZ$1/VLOOKUP(BX25,struktura!$B:$F,5,FALSE)) -> 0 | CA25: =VLOOKUP(BX25,struktura!$B:$G,6,FALSE) -> 0 | CC25: =IF(CB25=0,0,VLOOKUP(CB25,struktura!$B:$D,3,FALSE)) -> 0 | CD25: =IF(CB25=0,0,CD$1/VLOOKUP(CB25,struktura!$B:$F,5,FALSE)) -> 0 | CE25: =VLOOKUP(CB25,struktura!$B:$G,6,FALSE) -> 0 | CG25: =IF(CF25=0,0,VLOOKUP(CF25,struktura!$B:$D,3,FALSE)) -> 0 | CH25: =IF(CF25=0,0,CH$1/VLOOKUP(CF25,struktura!$B:$F,5,FALSE)) -> 0 | CI25: =VLOOKUP(CF25,struktura!$B:$G,6,FALSE) -> 0 | CK25: =IF(CJ25=0,0,VLOOKUP(CJ25,struktura!$B:$D,3,FALSE)) -> 0 | CL25: =IF(CJ25=0,0,CL$1/VLOOKUP(CJ25,struktura!$B:$F,5,FALSE)) -> 0 | CM25: =VLOOKUP(CJ25,struktura!$B:$G,6,FALSE) -> 0 | CO25: =IF(CN25=0,0,VLOOKUP(CN25,struktura!$B:$D,3,FALSE)) -> 0 | CP25: =IF(CN25=0,0,CP$1/VLOOKUP(CN25,struktura!$B:$F,5,FALSE)) -> 0 | CQ25: =VLOOKUP(CN25,struktura!$B:$G,6,FALSE) -> 0 | CS25: =IF(CR25=0,0,VLOOKUP(CR25,struktura!$B:$D,3,FALSE)) -> 0 | CT25: =IF(CR25=0,0,CT$1/VLOOKUP(CR25,struktura!$B:$F,5,FALSE)) -> 0 | CU25: =VLOOKUP(CR25,struktura!$B:$G,6,FALSE) -> 0 | CW25: =IF(CV25=0,0,VLOOKUP(CV25,struktura!$B:$D,3,FALSE)) -> 0 | CX25: =IF(CV25=0,0,CX$1/VLOOKUP(CV25,struktura!$B:$F,5,FALSE)) -> 0 | CY25: =VLOOKUP(CV25,struktura!$B:$G,6,FALSE) -> 0 | DE25: =IF(DD25=0,0,VLOOKUP(DD25,struktura!$B:$D,3,FALSE)) -> 0 | DF25: =IF(DD25=0,0,DF$1/VLOOKUP(DD25,struktura!$B:$F,5,FALSE)) -> 0 | DG25: =VLOOKUP(DD25,struktura!$B:$G,6,FALSE) -> 0 | DI25: =IF(DH25=0,0,VLOOKUP(DH25,struktura!$B:$D,3,FALSE)) -> 0 | DJ25: =IF(DH25=0,0,DJ$1/VLOOKUP(DH25,struktura!$B:$F,5,FALSE)) -> 0 | DK25: =VLOOKUP(DH25,struktura!$B:$G,6,FALSE) -> 0 | DM25: =IF(DL25=0,0,VLOOKUP(DL25,struktura!$B:$D,3,FALSE)) -> 0 | DN25: =IF(DL25=0,0,DN$1/VLOOKUP(DL25,struktura!$B:$F,5,FALSE)) -> 0 | DO25: =VLOOKUP(DL25,struktura!$B:$G,6,FALSE) -> 0 | DQ25: =IF(DP25=0,0,VLOOKUP(DP25,struktura!$B:$D,3,FALSE)) -> 0 | DR25: =IF(DP25=0,0,DR$1/VLOOKUP(DP25,struktura!$B:$F,5,FALSE)) -> 0 | DS25: =VLOOKUP(DP25,struktura!$B:$G,6,FALSE) -> 0
H26: nadaljevanje | P26: P251008364 serija 2 dni - cca8000 | X26: dokončati po popravilu stroja | AF26: P250810940 JAR LID vračilo iz kooperacije | AR26: serija 2 dni - po vračilu iz kooperacije
B27: 8 | C27: KM 160 R | E27: =IF(D27=0,"0",VLOOKUP(D27,struktura!$B:$D,3,FALSE)) -> 0 | F27: =IF(D27=0,"",24/VLOOKUP(D27,struktura!$B:$F,5,FALSE)) | G27: =VLOOKUP(D27,struktura!$B:$G,6,FALSE) -> 0 | I27: 0 | J27: 0 | K27: 0 | M27: =IF(L27=0,0,VLOOKUP(L27,struktura!$B:$D,3,FALSE)) -> 0 | N27: =IF(L27=0,0,N$1/VLOOKUP(L27,struktura!$B:$F,5,FALSE)) -> 0 | O27: =VLOOKUP(L27,struktura!$B:$G,6,FALSE) -> 0 | Q27: =IF(P27=0,0,VLOOKUP(P27,struktura!$B:$D,3,FALSE)) -> 0 | R27: =IF(P27=0,0,R$1/VLOOKUP(P27,struktura!$B:$F,5,FALSE)) -> 0 | S27: =VLOOKUP(P27,struktura!$B:$G,6,FALSE) -> 0 | U27: =IF(T27=0,0,VLOOKUP(T27,struktura!$B:$D,3,FALSE)) -> 0 | V27: =IF(T27=0,0,V$1/VLOOKUP(T27,struktura!$B:$F,5,FALSE)) -> 0 | W27: =VLOOKUP(T27,struktura!$B:$G,6,FALSE) -> 0 | Y27: =IF(X27=0,0,VLOOKUP(X27,struktura!$B:$D,3,FALSE)) -> 0 | Z27: =IF(X27=0,0,Z$1/VLOOKUP(X27,struktura!$B:$F,5,FALSE)) -> 0 | AA27: =VLOOKUP(X27,struktura!$B:$G,6,FALSE) -> 0 | AC27: =IF(AB27=0,0,VLOOKUP(AB27,struktura!$B:$D,3,FALSE)) -> 0 | AD27: =IF(AB27=0,0,AD$1/VLOOKUP(AB27,struktura!$B:$F,5,FALSE)) -> 0 | AE27: =VLOOKUP(AB27,struktura!$B:$G,6,FALSE) -> 0 | AG27: =IF(AF27=0,0,VLOOKUP(AF27,struktura!$B:$D,3,FALSE)) -> 0 | AH27: =IF(AF27=0,0,AH$1/VLOOKUP(AF27,struktura!$B:$F,5,FALSE)) -> 0 | AI27: =VLOOKUP(AF27,struktura!$B:$G,6,FALSE) -> 0 | AK27: =IF(AJ27=0,0,VLOOKUP(AJ27,struktura!$B:$D,3,FALSE)) -> 0 | AL27: =IF(AJ27=0,0,AL$1/VLOOKUP(AJ27,struktura!$B:$F,5,FALSE)) -> 0 | AM27: =VLOOKUP(AJ27,struktura!$B:$G,6,FALSE) -> 0 | AO27: =IF(AN27=0,0,VLOOKUP(AN27,struktura!$B:$D,3,FALSE)) -> 0 | AP27: =IF(AN27=0,0,AP$1/VLOOKUP(AN27,struktura!$B:$F,5,FALSE)) -> 0 | AQ27: =VLOOKUP(AN27,struktura!$B:$G,6,FALSE) -> 0 | AS27: =IF(AR27=0,0,VLOOKUP(AR27,struktura!$B:$D,3,FALSE)) -> 0 | AT27: =IF(AR27=0,0,AT$1/VLOOKUP(AR27,struktura!$B:$F,5,FALSE)) -> 0 | AU27: =VLOOKUP(AR27,struktura!$B:$G,6,FALSE) -> 0 | AW27: =IF(AV27=0,0,VLOOKUP(AV27,struktura!$B:$D,3,FALSE)) -> 0 | AX27: =IF(AV27=0,0,AX$1/VLOOKUP(AV27,struktura!$B:$F,5,FALSE)) -> 0 | AY27: =VLOOKUP(AV27,struktura!$B:$G,6,FALSE) -> 0 | AZ27: 132100010 | BA27: =IF(AZ27=0,0,VLOOKUP(AZ27,struktura!$B:$D,3,FALSE)) -> POKROV OHIŠJA K16 (belo) | BB27: =IF(AZ27=0,0,BB$1/VLOOKUP(AZ27,struktura!$B:$F,5,FALSE)) -> 4000 | BC27: =VLOOKUP(AZ27,struktura!$B:$G,6,FALSE) -> 0.5 | BD27: 132100010 | BE27: =IF(BD27=0,0,VLOOKUP(BD27,struktura!$B:$D,3,FALSE)) -> POKROV OHIŠJA K16 (belo) | BF27: =IF(BD27=0,0,BF$1/VLOOKUP(BD27,struktura!$B:$F,5,FALSE)) -> 4000 | BG27: =VLOOKUP(BD27,struktura!$B:$G,6,FALSE) -> 0.5 | BH27: 132100010 | BI27: =IF(BH27=0,0,VLOOKUP(BH27,struktura!$B:$D,3,FALSE)) -> POKROV OHIŠJA K16 (belo) | BJ27: =IF(BH27=0,0,BJ$1/VLOOKUP(BH27,struktura!$B:$F,5,FALSE)) -> 4000 | BK27: =VLOOKUP(BH27,struktura!$B:$G,6,FALSE) -> 0.5 | BM27: =IF(BL27=0,0,VLOOKUP(BL27,struktura!$B:$D,3,FALSE)) -> 0 | BN27: =IF(BL27=0,0,BN$1/VLOOKUP(BL27,struktura!$B:$F,5,FALSE)) -> 0 | BO27: =VLOOKUP(BL27,struktura!$B:$G,6,FALSE) -> 0 | BP27: 132100691 | BQ27: =IF(BP27=0,0,VLOOKUP(BP27,struktura!$B:$D,3,FALSE)) -> Trim UI TQ503D01 V.1 POKROV UPORABNIŠKEGA VMESNIKA 400 V.1 | BR27: =IF(BP27=0,0,BR$1/VLOOKUP(BP27,struktura!$B:$F,5,FALSE)) -> 1834.3949 | BS27: =VLOOKUP(BP27,struktura!$B:$G,6,FALSE) -> 0.5 | BT27: 132100691 | BU27: =IF(BT27=0,0,VLOOKUP(BT27,struktura!$B:$D,3,FALSE)) -> Trim UI TQ503D01 V.1 POKROV UPORABNIŠKEGA VMESNIKA 400 V.1 | BV27: =IF(BT27=0,0,BV$1/VLOOKUP(BT27,struktura!$B:$F,5,FALSE)) -> 1834.3949 | BW27: =VLOOKUP(BT27,struktura!$B:$G,6,FALSE) -> 0.5 | BX27: 132100691 | BY27: =IF(BX27=0,0,VLOOKUP(BX27,struktura!$B:$D,3,FALSE)) -> Trim UI TQ503D01 V.1 POKROV UPORABNIŠKEGA VMESNIKA 400 V.1 | BZ27: =IF(BX27=0,0,BZ$1/VLOOKUP(BX27,struktura!$B:$F,5,FALSE)) -> 1834.3949 | CA27: =VLOOKUP(BX27,struktura!$B:$G,6,FALSE) -> 0.5 | CC27: =IF(CB27=0,0,VLOOKUP(CB27,struktura!$B:$D,3,FALSE)) -> 0 | CD27: =IF(CB27=0,0,CD$1/VLOOKUP(CB27,struktura!$B:$F,5,FALSE)) -> 0 | CE27: =VLOOKUP(CB27,struktura!$B:$G,6,FALSE) -> 0 | CG27: =IF(CF27=0,0,VLOOKUP(CF27,struktura!$B:$D,3,FALSE)) -> 0 | CH27: =IF(CF27=0,0,CH$1/VLOOKUP(CF27,struktura!$B:$F,5,FALSE)) -> 0 | CI27: =VLOOKUP(CF27,struktura!$B:$G,6,FALSE) -> 0 | CJ27: 132100482 | CK27: =IF(CJ27=0,0,VLOOKUP(CJ27,struktura!$B:$D,3,FALSE)) -> LID UI 400 VER. A POKROV PLOŠČE UPRAVLJALNE 400 - A | CL27: =IF(CJ27=0,0,CL$1/VLOOKUP(CJ27,struktura!$B:$F,5,FALSE)) -> 4881.3559 | CM27: =VLOOKUP(CJ27,struktura!$B:$G,6,FALSE) -> 0.5 | CN27: 132100482 | CO27: =IF(CN27=0,0,VLOOKUP(CN27,struktura!$B:$D,3,FALSE)) -> LID UI 400 VER. A POKROV PLOŠČE UPRAVLJALNE 400 - A | CP27: =IF(CN27=0,0,CP$1/VLOOKUP(CN27,struktura!$B:$F,5,FALSE)) -> 4881.3559 | CQ27: =VLOOKUP(CN27,struktura!$B:$G,6,FALSE) -> 0.5 | CS27: =IF(CR27=0,0,VLOOKUP(CR27,struktura!$B:$D,3,FALSE)) -> 0 | CT27: =IF(CR27=0,0,CT$1/VLOOKUP(CR27,struktura!$B:$F,5,FALSE)) -> 0 | CU27: =VLOOKUP(CR27,struktura!$B:$G,6,FALSE) -> 0 | CW27: =IF(CV27=0,0,VLOOKUP(CV27,struktura!$B:$D,3,FALSE)) -> 0 | CX27: =IF(CV27=0,0,CX$1/VLOOKUP(CV27,struktura!$B:$F,5,FALSE)) -> 0 | CY27: =VLOOKUP(CV27,struktura!$B:$G,6,FALSE) -> 0 | DE27: =IF(DD27=0,0,VLOOKUP(DD27,struktura!$B:$D,3,FALSE)) -> 0 | DF27: =IF(DD27=0,0,DF$1/VLOOKUP(DD27,struktura!$B:$F,5,FALSE)) -> 0 | DG27: =VLOOKUP(DD27,struktura!$B:$G,6,FALSE) -> 0 | DI27: =IF(DH27=0,0,VLOOKUP(DH27,struktura!$B:$D,3,FALSE)) -> 0 | DJ27: =IF(DH27=0,0,DJ$1/VLOOKUP(DH27,struktura!$B:$F,5,FALSE)) -> 0 | DK27: =VLOOKUP(DH27,struktura!$B:$G,6,FALSE) -> 0 | DM27: =IF(DL27=0,0,VLOOKUP(DL27,struktura!$B:$D,3,FALSE)) -> 0 | DN27: =IF(DL27=0,0,DN$1/VLOOKUP(DL27,struktura!$B:$F,5,FALSE)) -> 0 | DO27: =VLOOKUP(DL27,struktura!$B:$G,6,FALSE) -> 0 | DQ27: =IF(DP27=0,0,VLOOKUP(DP27,struktura!$B:$D,3,FALSE)) -> 0 | DR27: =IF(DP27=0,0,DR$1/VLOOKUP(DP27,struktura!$B:$F,5,FALSE)) -> 0 | DS27: =VLOOKUP(DP27,struktura!$B:$G,6,FALSE) -> 0
AZ28: serija 3 dni | BP28: TRIM iz kooperacije 132100691
B29: 9 | C29: KM 130 R | E29: =IF(D29=0,"0",VLOOKUP(D29,struktura!$B:$D,3,FALSE)) -> 0 | F29: =IF(D29=0,"",24/VLOOKUP(D29,struktura!$B:$F,5,FALSE)) | G29: =VLOOKUP(D29,struktura!$B:$G,6,FALSE) -> 0 | I29: 0 | J29: 0 | K29: 0 | M29: =IF(L29=0,0,VLOOKUP(L29,struktura!$B:$D,3,FALSE)) -> 0 | N29: =IF(L29=0,0,N$1/VLOOKUP(L29,struktura!$B:$F,5,FALSE)) -> 0 | O29: =VLOOKUP(L29,struktura!$B:$G,6,FALSE) -> 0 | Q29: =IF(P29=0,0,VLOOKUP(P29,struktura!$B:$D,3,FALSE)) -> 0 | R29: =IF(P29=0,0,R$1/VLOOKUP(P29,struktura!$B:$F,5,FALSE)) -> 0 | S29: =VLOOKUP(P29,struktura!$B:$G,6,FALSE) -> 0 | U29: =IF(T29=0,0,VLOOKUP(T29,struktura!$B:$D,3,FALSE)) -> 0 | V29: =IF(T29=0,0,V$1/VLOOKUP(T29,struktura!$B:$F,5,FALSE)) -> 0 | W29: =VLOOKUP(T29,struktura!$B:$G,6,FALSE) -> 0 | Y29: =IF(X29=0,0,VLOOKUP(X29,struktura!$B:$D,3,FALSE)) -> 0 | Z29: =IF(X29=0,0,Z$1/VLOOKUP(X29,struktura!$B:$F,5,FALSE)) -> 0 | AA29: =VLOOKUP(X29,struktura!$B:$G,6,FALSE) -> 0 | AC29: =IF(AB29=0,0,VLOOKUP(AB29,struktura!$B:$D,3,FALSE)) -> 0 | AD29: =IF(AB29=0,0,AD$1/VLOOKUP(AB29,struktura!$B:$F,5,FALSE)) -> 0 | AE29: =VLOOKUP(AB29,struktura!$B:$G,6,FALSE) -> 0 | AG29: =IF(AF29=0,0,VLOOKUP(AF29,struktura!$B:$D,3,FALSE)) -> 0 | AH29: =IF(AF29=0,0,AH$1/VLOOKUP(AF29,struktura!$B:$F,5,FALSE)) -> 0 | AI29: =VLOOKUP(AF29,struktura!$B:$G,6,FALSE) -> 0 | AK29: =IF(AJ29=0,0,VLOOKUP(AJ29,struktura!$B:$D,3,FALSE)) -> 0 | AL29: =IF(AJ29=0,0,AL$1/VLOOKUP(AJ29,struktura!$B:$F,5,FALSE)) -> 0 | AM29: =VLOOKUP(AJ29,struktura!$B:$G,6,FALSE) -> 0 | AO29: =IF(AN29=0,0,VLOOKUP(AN29,struktura!$B:$D,3,FALSE)) -> 0 | AP29: =IF(AN29=0,0,AP$1/VLOOKUP(AN29,struktura!$B:$F,5,FALSE)) -> 0 | AQ29: =VLOOKUP(AN29,struktura!$B:$G,6,FALSE) -> 0 | AS29: =IF(AR29=0,0,VLOOKUP(AR29,struktura!$B:$D,3,FALSE)) -> 0 | AT29: =IF(AR29=0,0,AT$1/VLOOKUP(AR29,struktura!$B:$F,5,FALSE)) -> 0 | AU29: =VLOOKUP(AR29,struktura!$B:$G,6,FALSE) -> 0 | AW29: =IF(AV29=0,0,VLOOKUP(AV29,struktura!$B:$D,3,FALSE)) -> 0 | AX29: =IF(AV29=0,0,AX$1/VLOOKUP(AV29,struktura!$B:$F,5,FALSE)) -> 0 | AY29: =VLOOKUP(AV29,struktura!$B:$G,6,FALSE) -> 0 | BA29: =IF(AZ29=0,0,VLOOKUP(AZ29,struktura!$B:$D,3,FALSE)) -> 0 | BB29: =IF(AZ29=0,0,BB$1/VLOOKUP(AZ29,struktura!$B:$F,5,FALSE)) -> 0 | BC29: =VLOOKUP(AZ29,struktura!$B:$G,6,FALSE) -> 0 | BE29: =IF(BD29=0,0,VLOOKUP(BD29,struktura!$B:$D,3,FALSE)) -> 0 | BF29: =IF(BD29=0,0,BF$1/VLOOKUP(BD29,struktura!$B:$F,5,FALSE)) -> 0 | BG29: =VLOOKUP(BD29,struktura!$B:$G,6,FALSE) -> 0 | BI29: =IF(BH29=0,0,VLOOKUP(BH29,struktura!$B:$D,3,FALSE)) -> 0 | BJ29: =IF(BH29=0,0,BJ$1/VLOOKUP(BH29,struktura!$B:$F,5,FALSE)) -> 0 | BK29: =VLOOKUP(BH29,struktura!$B:$G,6,FALSE) -> 0 | BL29: 132100547 | BM29: =IF(BL29=0,0,VLOOKUP(BL29,struktura!$B:$D,3,FALSE)) -> Polž transportni II | BN29: =IF(BL29=0,0,BN$1/VLOOKUP(BL29,struktura!$B:$F,5,FALSE)) -> 11400 | BO29: =VLOOKUP(BL29,struktura!$B:$G,6,FALSE) -> 0.25 | BP29: 132100547 | BQ29: =IF(BP29=0,0,VLOOKUP(BP29,struktura!$B:$D,3,FALSE)) -> Polž transportni II | BR29: =IF(BP29=0,0,BR$1/VLOOKUP(BP29,struktura!$B:$F,5,FALSE)) -> 11400 | BS29: =VLOOKUP(BP29,struktura!$B:$G,6,FALSE) -> 0.25 | BT29: 132100547 | BU29: =IF(BT29=0,0,VLOOKUP(BT29,struktura!$B:$D,3,FALSE)) -> Polž transportni II | BV29: =IF(BT29=0,0,BV$1/VLOOKUP(BT29,struktura!$B:$F,5,FALSE)) -> 11400 | BW29: =VLOOKUP(BT29,struktura!$B:$G,6,FALSE) -> 0.25 | BX29: 132100547 | BY29: =IF(BX29=0,0,VLOOKUP(BX29,struktura!$B:$D,3,FALSE)) -> Polž transportni II | BZ29: =IF(BX29=0,0,BZ$1/VLOOKUP(BX29,struktura!$B:$F,5,FALSE)) -> 11400 | CA29: =VLOOKUP(BX29,struktura!$B:$G,6,FALSE) -> 0.25 | CB29: 132100547 | CC29: =IF(CB29=0,0,VLOOKUP(CB29,struktura!$B:$D,3,FALSE)) -> Polž transportni II | CD29: =IF(CB29=0,0,CD$1/VLOOKUP(CB29,struktura!$B:$F,5,FALSE)) -> 11400 | CE29: =VLOOKUP(CB29,struktura!$B:$G,6,FALSE) -> 0.25 | CF29: 132100053 | CG29: =IF(CF29=0,0,VLOOKUP(CF29,struktura!$B:$D,3,FALSE)) -> DEFLECTOR POMACE V2 Ščitnik tropin V2 | CH29: =IF(CF29=0,0,CH$1/VLOOKUP(CF29,struktura!$B:$F,5,FALSE)) -> 5400 | CI29: =VLOOKUP(CF29,struktura!$B:$G,6,FALSE) -> 0.25 | CK29: =IF(CJ29=0,0,VLOOKUP(CJ29,struktura!$B:$D,3,FALSE)) -> 0 | CL29: =IF(CJ29=0,0,CL$1/VLOOKUP(CJ29,struktura!$B:$F,5,FALSE)) -> 0 | CM29: =VLOOKUP(CJ29,struktura!$B:$G,6,FALSE) -> 0 | CO29: =IF(CN29=0,0,VLOOKUP(CN29,struktura!$B:$D,3,FALSE)) -> 0 | CP29: =IF(CN29=0,0,CP$1/VLOOKUP(CN29,struktura!$B:$F,5,FALSE)) -> 0 | CQ29: =VLOOKUP(CN29,struktura!$B:$G,6,FALSE) -> 0 | CS29: =IF(CR29=0,0,VLOOKUP(CR29,struktura!$B:$D,3,FALSE)) -> 0 | CT29: =IF(CR29=0,0,CT$1/VLOOKUP(CR29,struktura!$B:$F,5,FALSE)) -> 0 | CU29: =VLOOKUP(CR29,struktura!$B:$G,6,FALSE) -> 0 | CW29: =IF(CV29=0,0,VLOOKUP(CV29,struktura!$B:$D,3,FALSE)) -> 0 | CX29: =IF(CV29=0,0,CX$1/VLOOKUP(CV29,struktura!$B:$F,5,FALSE)) -> 0 | CY29: =VLOOKUP(CV29,struktura!$B:$G,6,FALSE) -> 0 | DE29: =IF(DD29=0,0,VLOOKUP(DD29,struktura!$B:$D,3,FALSE)) -> 0 | DF29: =IF(DD29=0,0,DF$1/VLOOKUP(DD29,struktura!$B:$F,5,FALSE)) -> 0 | DG29: =VLOOKUP(DD29,struktura!$B:$G,6,FALSE) -> 0 | DI29: =IF(DH29=0,0,VLOOKUP(DH29,struktura!$B:$D,3,FALSE)) -> 0 | DJ29: =IF(DH29=0,0,DJ$1/VLOOKUP(DH29,struktura!$B:$F,5,FALSE)) -> 0 | DK29: =VLOOKUP(DH29,struktura!$B:$G,6,FALSE) -> 0 | DM29: =IF(DL29=0,0,VLOOKUP(DL29,struktura!$B:$D,3,FALSE)) -> 0 | DN29: =IF(DL29=0,0,DN$1/VLOOKUP(DL29,struktura!$B:$F,5,FALSE)) -> 0 | DO29: =VLOOKUP(DL29,struktura!$B:$G,6,FALSE) -> 0 | DQ29: =IF(DP29=0,0,VLOOKUP(DP29,struktura!$B:$D,3,FALSE)) -> 0 | DR29: =IF(DP29=0,0,DR$1/VLOOKUP(DP29,struktura!$B:$F,5,FALSE)) -> 0 | DS29: =VLOOKUP(DP29,struktura!$B:$G,6,FALSE) -> 0
BL30: serija 1 teden 4/8
B31: 10 | C31: ENGEL 2K | E31: =IF(D31=0,"0",VLOOKUP(D31,struktura!$B:$D,3,FALSE)) -> 0 | F31: =IF(D31=0,"",24/VLOOKUP(D31,struktura!$B:$F,5,FALSE)) | G31: =VLOOKUP(D31,struktura!$B:$G,6,FALSE) -> 0 | I31: 0 | J31: 0 | K31: 0 | M31: =IF(L31=0,0,VLOOKUP(L31,struktura!$B:$D,3,FALSE)) -> 0 | N31: =IF(L31=0,0,N$1/VLOOKUP(L31,struktura!$B:$F,5,FALSE)) -> 0 | O31: =VLOOKUP(L31,struktura!$B:$G,6,FALSE) -> 0 | P31: 132100548 | Q31: =IF(P31=0,0,VLOOKUP(P31,struktura!$B:$D,3,FALSE)) -> Vložek plastični Slim S12 RAL9005 | R31: =IF(P31=0,0,R$1/VLOOKUP(P31,struktura!$B:$F,5,FALSE)) -> 7500 | S31: =VLOOKUP(P31,struktura!$B:$G,6,FALSE) -> 0.25 | T31: 132100548 | U31: =IF(T31=0,0,VLOOKUP(T31,struktura!$B:$D,3,FALSE)) -> Vložek plastični Slim S12 RAL9005 | V31: =IF(T31=0,0,V$1/VLOOKUP(T31,struktura!$B:$F,5,FALSE)) -> 7500 | W31: =VLOOKUP(T31,struktura!$B:$G,6,FALSE) -> 0.25 | X31: 132100548 | Y31: =IF(X31=0,0,VLOOKUP(X31,struktura!$B:$D,3,FALSE)) -> Vložek plastični Slim S12 RAL9005 | Z31: =IF(X31=0,0,Z$1/VLOOKUP(X31,struktura!$B:$F,5,FALSE)) -> 7500 | AA31: =VLOOKUP(X31,struktura!$B:$G,6,FALSE) -> 0.25 | AC31: =IF(AB31=0,0,VLOOKUP(AB31,struktura!$B:$D,3,FALSE)) -> 0 | AD31: =IF(AB31=0,0,AD$1/VLOOKUP(AB31,struktura!$B:$F,5,FALSE)) -> 0 | AE31: =VLOOKUP(AB31,struktura!$B:$G,6,FALSE) -> 0 | AG31: =IF(AF31=0,0,VLOOKUP(AF31,struktura!$B:$D,3,FALSE)) -> 0 | AH31: =IF(AF31=0,0,AH$1/VLOOKUP(AF31,struktura!$B:$F,5,FALSE)) -> 0 | AI31: =VLOOKUP(AF31,struktura!$B:$G,6,FALSE) -> 0 | AK31: =IF(AJ31=0,0,VLOOKUP(AJ31,struktura!$B:$D,3,FALSE)) -> 0 | AL31: =IF(AJ31=0,0,AL$1/VLOOKUP(AJ31,struktura!$B:$F,5,FALSE)) -> 0 | AM31: =VLOOKUP(AJ31,struktura!$B:$G,6,FALSE) -> 0 | AO31: =IF(AN31=0,0,VLOOKUP(AN31,struktura!$B:$D,3,FALSE)) -> 0 | AP31: =IF(AN31=0,0,AP$1/VLOOKUP(AN31,struktura!$B:$F,5,FALSE)) -> 0 | AQ31: =VLOOKUP(AN31,struktura!$B:$G,6,FALSE) -> 0 | AS31: =IF(AR31=0,0,VLOOKUP(AR31,struktura!$B:$D,3,FALSE)) -> 0 | AT31: =IF(AR31=0,0,AT$1/VLOOKUP(AR31,struktura!$B:$F,5,FALSE)) -> 0 | AU31: =VLOOKUP(AR31,struktura!$B:$G,6,FALSE) -> 0 | AW31: =IF(AV31=0,0,VLOOKUP(AV31,struktura!$B:$D,3,FALSE)) -> 0 | AX31: =IF(AV31=0,0,AX$1/VLOOKUP(AV31,struktura!$B:$F,5,FALSE)) -> 0 | AY31: =VLOOKUP(AV31,struktura!$B:$G,6,FALSE) -> 0 | BA31: =IF(AZ31=0,0,VLOOKUP(AZ31,struktura!$B:$D,3,FALSE)) -> 0 | BB31: =IF(AZ31=0,0,BB$1/VLOOKUP(AZ31,struktura!$B:$F,5,FALSE)) -> 0 | BC31: =VLOOKUP(AZ31,struktura!$B:$G,6,FALSE) -> 0 | BE31: =IF(BD31=0,0,VLOOKUP(BD31,struktura!$B:$D,3,FALSE)) -> 0 | BF31: =IF(BD31=0,0,BF$1/VLOOKUP(BD31,struktura!$B:$F,5,FALSE)) -> 0 | BG31: =VLOOKUP(BD31,struktura!$B:$G,6,FALSE) -> 0 | BI31: =IF(BH31=0,0,VLOOKUP(BH31,struktura!$B:$D,3,FALSE)) -> 0 | BJ31: =IF(BH31=0,0,BJ$1/VLOOKUP(BH31,struktura!$B:$F,5,FALSE)) -> 0 | BK31: =VLOOKUP(BH31,struktura!$B:$G,6,FALSE) -> 0 | BM31: =IF(BL31=0,0,VLOOKUP(BL31,struktura!$B:$D,3,FALSE)) -> 0 | BN31: =IF(BL31=0,0,BN$1/VLOOKUP(BL31,struktura!$B:$F,5,FALSE)) -> 0 | BO31: =VLOOKUP(BL31,struktura!$B:$G,6,FALSE) -> 0 | BQ31: =IF(BP31=0,0,VLOOKUP(BP31,struktura!$B:$D,3,FALSE)) -> 0 | BR31: =IF(BP31=0,0,BR$1/VLOOKUP(BP31,struktura!$B:$F,5,FALSE)) -> 0 | BS31: =VLOOKUP(BP31,struktura!$B:$G,6,FALSE) -> 0 | BU31: =IF(BT31=0,0,VLOOKUP(BT31,struktura!$B:$D,3,FALSE)) -> 0 | BV31: =IF(BT31=0,0,BV$1/VLOOKUP(BT31,struktura!$B:$F,5,FALSE)) -> 0 | BW31: =VLOOKUP(BT31,struktura!$B:$G,6,FALSE) -> 0 | BY31: =IF(BX31=0,0,VLOOKUP(BX31,struktura!$B:$D,3,FALSE)) -> 0 | BZ31: =IF(BX31=0,0,BZ$1/VLOOKUP(BX31,struktura!$B:$F,5,FALSE)) -> 0 | CA31: =VLOOKUP(BX31,struktura!$B:$G,6,FALSE) -> 0 | CC31: =IF(CB31=0,0,VLOOKUP(CB31,struktura!$B:$D,3,FALSE)) -> 0 | CD31: =IF(CB31=0,0,CD$1/VLOOKUP(CB31,struktura!$B:$F,5,FALSE)) -> 0 | CE31: =VLOOKUP(CB31,struktura!$B:$G,6,FALSE) -> 0 | CG31: =IF(CF31=0,0,VLOOKUP(CF31,struktura!$B:$D,3,FALSE)) -> 0 | CH31: =IF(CF31=0,0,CH$1/VLOOKUP(CF31,struktura!$B:$F,5,FALSE)) -> 0 | CI31: =VLOOKUP(CF31,struktura!$B:$G,6,FALSE) -> 0 | CK31: =IF(CJ31=0,0,VLOOKUP(CJ31,struktura!$B:$D,3,FALSE)) -> 0 | CL31: =IF(CJ31=0,0,CL$1/VLOOKUP(CJ31,struktura!$B:$F,5,FALSE)) -> 0 | CM31: =VLOOKUP(CJ31,struktura!$B:$G,6,FALSE) -> 0 | CO31: =IF(CN31=0,0,VLOOKUP(CN31,struktura!$B:$D,3,FALSE)) -> 0 | CP31: =IF(CN31=0,0,CP$1/VLOOKUP(CN31,struktura!$B:$F,5,FALSE)) -> 0 | CQ31: =VLOOKUP(CN31,struktura!$B:$G,6,FALSE) -> 0 | CS31: =IF(CR31=0,0,VLOOKUP(CR31,struktura!$B:$D,3,FALSE)) -> 0 | CT31: =IF(CR31=0,0,CT$1/VLOOKUP(CR31,struktura!$B:$F,5,FALSE)) -> 0 | CU31: =VLOOKUP(CR31,struktura!$B:$G,6,FALSE) -> 0 | CW31: =IF(CV31=0,0,VLOOKUP(CV31,struktura!$B:$D,3,FALSE)) -> 0 | CX31: =IF(CV31=0,0,CX$1/VLOOKUP(CV31,struktura!$B:$F,5,FALSE)) -> 0 | CY31: =VLOOKUP(CV31,struktura!$B:$G,6,FALSE) -> 0 | DE31: =IF(DD31=0,0,VLOOKUP(DD31,struktura!$B:$D,3,FALSE)) -> 0 | DF31: =IF(DD31=0,0,DF$1/VLOOKUP(DD31,struktura!$B:$F,5,FALSE)) -> 0 | DG31: =VLOOKUP(DD31,struktura!$B:$G,6,FALSE) -> 0 | DI31: =IF(DH31=0,0,VLOOKUP(DH31,struktura!$B:$D,3,FALSE)) -> 0 | DJ31: =IF(DH31=0,0,DJ$1/VLOOKUP(DH31,struktura!$B:$F,5,FALSE)) -> 0 | DK31: =VLOOKUP(DH31,struktura!$B:$G,6,FALSE) -> 0 | DM31: =IF(DL31=0,0,VLOOKUP(DL31,struktura!$B:$D,3,FALSE)) -> 0 | DN31: =IF(DL31=0,0,DN$1/VLOOKUP(DL31,struktura!$B:$F,5,FALSE)) -> 0 | DO31: =VLOOKUP(DL31,struktura!$B:$G,6,FALSE) -> 0 | DQ31: =IF(DP31=0,0,VLOOKUP(DP31,struktura!$B:$D,3,FALSE)) -> 0 | DR31: =IF(DP31=0,0,DR$1/VLOOKUP(DP31,struktura!$B:$F,5,FALSE)) -> 0 | DS31: =VLOOKUP(DP31,struktura!$B:$G,6,FALSE) -> 0
P32: P250610009 embalaža? | AB32: embalaža?
B33: 14 | C33: KM 80 | E33: =IF(D33=0,"0",VLOOKUP(D33,struktura!$B:$D,3,FALSE)) -> 0 | F33: =IF(D33=0,"",24/VLOOKUP(D33,struktura!$B:$F,5,FALSE)) | G33: =VLOOKUP(D33,struktura!$B:$G,6,FALSE) -> 0 | I33: 0 | J33: 0 | K33: 0 | M33: =IF(L33=0,0,VLOOKUP(L33,struktura!$B:$D,3,FALSE)) -> 0 | N33: =IF(L33=0,0,N$1/VLOOKUP(L33,struktura!$B:$F,5,FALSE)) -> 0 | O33: =VLOOKUP(L33,struktura!$B:$G,6,FALSE) -> 0 | Q33: =IF(P33=0,0,VLOOKUP(P33,struktura!$B:$D,3,FALSE)) -> 0 | R33: =IF(P33=0,0,R$1/VLOOKUP(P33,struktura!$B:$F,5,FALSE)) -> 0 | S33: =VLOOKUP(P33,struktura!$B:$G,6,FALSE) -> 0 | T33: 132110018 | U33: =IF(T33=0,0,VLOOKUP(T33,struktura!$B:$D,3,FALSE)) -> BUS Housing Lever | V33: =IF(T33=0,0,V$1/VLOOKUP(T33,struktura!$B:$F,5,FALSE)) -> 5142.8571 | W33: =VLOOKUP(T33,struktura!$B:$G,6,FALSE) -> 0.25 | X33: 132110018 | Y33: =IF(X33=0,0,VLOOKUP(X33,struktura!$B:$D,3,FALSE)) -> BUS Housing Lever | Z33: =IF(X33=0,0,Z$1/VLOOKUP(X33,struktura!$B:$F,5,FALSE)) -> 5142.8571 | AA33: =VLOOKUP(X33,struktura!$B:$G,6,FALSE) -> 0.25 | AB33: 132110018 | AC33: =IF(AB33=0,0,VLOOKUP(AB33,struktura!$B:$D,3,FALSE)) -> BUS Housing Lever | AD33: =IF(AB33=0,0,AD$1/VLOOKUP(AB33,struktura!$B:$F,5,FALSE)) -> 5142.8571 | AE33: =VLOOKUP(AB33,struktura!$B:$G,6,FALSE) -> 0.25 | AF33: 132110018 | AG33: =IF(AF33=0,0,VLOOKUP(AF33,struktura!$B:$D,3,FALSE)) -> BUS Housing Lever | AH33: =IF(AF33=0,0,AH$1/VLOOKUP(AF33,struktura!$B:$F,5,FALSE)) -> 5142.8571 | AI33: =VLOOKUP(AF33,struktura!$B:$G,6,FALSE) -> 0.25 | AJ33: 132110018 | AK33: =IF(AJ33=0,0,VLOOKUP(AJ33,struktura!$B:$D,3,FALSE)) -> BUS Housing Lever | AL33: =IF(AJ33=0,0,AL$1/VLOOKUP(AJ33,struktura!$B:$F,5,FALSE)) -> 5142.8571 | AM33: =VLOOKUP(AJ33,struktura!$B:$G,6,FALSE) -> 0.25 | AN33: 132110018 | AO33: =IF(AN33=0,0,VLOOKUP(AN33,struktura!$B:$D,3,FALSE)) -> BUS Housing Lever | AP33: =IF(AN33=0,0,AP$1/VLOOKUP(AN33,struktura!$B:$F,5,FALSE)) -> 5142.8571 | AQ33: =VLOOKUP(AN33,struktura!$B:$G,6,FALSE) -> 0.25 | AS33: =IF(AR33=0,0,VLOOKUP(AR33,struktura!$B:$D,3,FALSE)) -> 0 | AT33: =IF(AR33=0,0,AT$1/VLOOKUP(AR33,struktura!$B:$F,5,FALSE)) -> 0 | AU33: =VLOOKUP(AR33,struktura!$B:$G,6,FALSE) -> 0 | AW33: =IF(AV33=0,0,VLOOKUP(AV33,struktura!$B:$D,3,FALSE)) -> 0 | AX33: =IF(AV33=0,0,AX$1/VLOOKUP(AV33,struktura!$B:$F,5,FALSE)) -> 0 | AY33: =VLOOKUP(AV33,struktura!$B:$G,6,FALSE) -> 0 | BA33: =IF(AZ33=0,0,VLOOKUP(AZ33,struktura!$B:$D,3,FALSE)) -> 0 | BB33: =IF(AZ33=0,0,BB$1/VLOOKUP(AZ33,struktura!$B:$F,5,FALSE)) -> 0 | BC33: =VLOOKUP(AZ33,struktura!$B:$G,6,FALSE) -> 0 | BE33: =IF(BD33=0,0,VLOOKUP(BD33,struktura!$B:$D,3,FALSE)) -> 0 | BF33: =IF(BD33=0,0,BF$1/VLOOKUP(BD33,struktura!$B:$F,5,FALSE)) -> 0 | BG33: =VLOOKUP(BD33,struktura!$B:$G,6,FALSE) -> 0 | BI33: =IF(BH33=0,0,VLOOKUP(BH33,struktura!$B:$D,3,FALSE)) -> 0 | BJ33: =IF(BH33=0,0,BJ$1/VLOOKUP(BH33,struktura!$B:$F,5,FALSE)) -> 0 | BK33: =VLOOKUP(BH33,struktura!$B:$G,6,FALSE) -> 0 | BM33: =IF(BL33=0,0,VLOOKUP(BL33,struktura!$B:$D,3,FALSE)) -> 0 | BN33: =IF(BL33=0,0,BN$1/VLOOKUP(BL33,struktura!$B:$F,5,FALSE)) -> 0 | BO33: =VLOOKUP(BL33,struktura!$B:$G,6,FALSE) -> 0 | BQ33: =IF(BP33=0,0,VLOOKUP(BP33,struktura!$B:$D,3,FALSE)) -> 0 | BR33: =IF(BP33=0,0,BR$1/VLOOKUP(BP33,struktura!$B:$F,5,FALSE)) -> 0 | BS33: =VLOOKUP(BP33,struktura!$B:$G,6,FALSE) -> 0 | BU33: =IF(BT33=0,0,VLOOKUP(BT33,struktura!$B:$D,3,FALSE)) -> 0 | BV33: =IF(BT33=0,0,BV$1/VLOOKUP(BT33,struktura!$B:$F,5,FALSE)) -> 0 | BW33: =VLOOKUP(BT33,struktura!$B:$G,6,FALSE) -> 0 | BY33: =IF(BX33=0,0,VLOOKUP(BX33,struktura!$B:$D,3,FALSE)) -> 0 | BZ33: =IF(BX33=0,0,BZ$1/VLOOKUP(BX33,struktura!$B:$F,5,FALSE)) -> 0 | CA33: =VLOOKUP(BX33,struktura!$B:$G,6,FALSE) -> 0 | CC33: =IF(CB33=0,0,VLOOKUP(CB33,struktura!$B:$D,3,FALSE)) -> 0 | CD33: =IF(CB33=0,0,CD$1/VLOOKUP(CB33,struktura!$B:$F,5,FALSE)) -> 0 | CE33: =VLOOKUP(CB33,struktura!$B:$G,6,FALSE) -> 0 | CG33: =IF(CF33=0,0,VLOOKUP(CF33,struktura!$B:$D,3,FALSE)) -> 0 | CH33: =IF(CF33=0,0,CH$1/VLOOKUP(CF33,struktura!$B:$F,5,FALSE)) -> 0 | CI33: =VLOOKUP(CF33,struktura!$B:$G,6,FALSE) -> 0 | CK33: =IF(CJ33=0,0,VLOOKUP(CJ33,struktura!$B:$D,3,FALSE)) -> 0 | CL33: =IF(CJ33=0,0,CL$1/VLOOKUP(CJ33,struktura!$B:$F,5,FALSE)) -> 0 | CM33: =VLOOKUP(CJ33,struktura!$B:$G,6,FALSE) -> 0 | CO33: =IF(CN33=0,0,VLOOKUP(CN33,struktura!$B:$D,3,FALSE)) -> 0 | CP33: =IF(CN33=0,0,CP$1/VLOOKUP(CN33,struktura!$B:$F,5,FALSE)) -> 0 | CQ33: =VLOOKUP(CN33,struktura!$B:$G,6,FALSE) -> 0 | CS33: =IF(CR33=0,0,VLOOKUP(CR33,struktura!$B:$D,3,FALSE)) -> 0 | CT33: =IF(CR33=0,0,CT$1/VLOOKUP(CR33,struktura!$B:$F,5,FALSE)) -> 0 | CU33: =VLOOKUP(CR33,struktura!$B:$G,6,FALSE) -> 0 | CW33: =IF(CV33=0,0,VLOOKUP(CV33,struktura!$B:$D,3,FALSE)) -> 0 | CX33: =IF(CV33=0,0,CX$1/VLOOKUP(CV33,struktura!$B:$F,5,FALSE)) -> 0 | CY33: =VLOOKUP(CV33,struktura!$B:$G,6,FALSE) -> 0 | DE33: =IF(DD33=0,0,VLOOKUP(DD33,struktura!$B:$D,3,FALSE)) -> 0 | DF33: =IF(DD33=0,0,DF$1/VLOOKUP(DD33,struktura!$B:$F,5,FALSE)) -> 0 | DG33: =VLOOKUP(DD33,struktura!$B:$G,6,FALSE) -> 0 | DI33: =IF(DH33=0,0,VLOOKUP(DH33,struktura!$B:$D,3,FALSE)) -> 0 | DJ33: =IF(DH33=0,0,DJ$1/VLOOKUP(DH33,struktura!$B:$F,5,FALSE)) -> 0 | DK33: =VLOOKUP(DH33,struktura!$B:$G,6,FALSE) -> 0 | DM33: =IF(DL33=0,0,VLOOKUP(DL33,struktura!$B:$D,3,FALSE)) -> 0 | DN33: =IF(DL33=0,0,DN$1/VLOOKUP(DL33,struktura!$B:$F,5,FALSE)) -> 0 | DO33: =VLOOKUP(DL33,struktura!$B:$G,6,FALSE) -> 0 | DQ33: =IF(DP33=0,0,VLOOKUP(DP33,struktura!$B:$D,3,FALSE)) -> 0 | DR33: =IF(DP33=0,0,DR$1/VLOOKUP(DP33,struktura!$B:$F,5,FALSE)) -> 0 | DS33: =VLOOKUP(DP33,struktura!$B:$G,6,FALSE) -> 0
T34: P250211617
B35: 15 | C35: KM 80 R | E35: =IF(D35=0,"0",VLOOKUP(D35,struktura!$B:$D,3,FALSE)) -> 0 | F35: =IF(D35=0,"",24/VLOOKUP(D35,struktura!$B:$F,5,FALSE)) | G35: =VLOOKUP(D35,struktura!$B:$G,6,FALSE) -> 0 | I35: 0 | J35: 0 | K35: 0 | M35: =IF(L35=0,0,VLOOKUP(L35,struktura!$B:$D,3,FALSE)) -> 0 | N35: =IF(L35=0,0,N$1/VLOOKUP(L35,struktura!$B:$F,5,FALSE)) -> 0 | O35: =VLOOKUP(L35,struktura!$B:$G,6,FALSE) -> 0 | P35: t | Q35: =IF(P35=0,0,VLOOKUP(P35,struktura!$B:$D,3,FALSE)) -> rezervirano za tehnologijo | R35: =IF(P35=0,0,R$1/VLOOKUP(P35,struktura!$B:$F,5,FALSE)) -> 24 | S35: =VLOOKUP(P35,struktura!$B:$G,6,FALSE) -> 0 | U35: =IF(T35=0,0,VLOOKUP(T35,struktura!$B:$D,3,FALSE)) -> 0 | V35: =IF(T35=0,0,V$1/VLOOKUP(T35,struktura!$B:$F,5,FALSE)) -> 0 | W35: =VLOOKUP(T35,struktura!$B:$G,6,FALSE) -> 0 | Y35: =IF(X35=0,0,VLOOKUP(X35,struktura!$B:$D,3,FALSE)) -> 0 | Z35: =IF(X35=0,0,Z$1/VLOOKUP(X35,struktura!$B:$F,5,FALSE)) -> 0 | AA35: =VLOOKUP(X35,struktura!$B:$G,6,FALSE) -> 0 | AC35: =IF(AB35=0,0,VLOOKUP(AB35,struktura!$B:$D,3,FALSE)) -> 0 | AD35: =IF(AB35=0,0,AD$1/VLOOKUP(AB35,struktura!$B:$F,5,FALSE)) -> 0 | AE35: =VLOOKUP(AB35,struktura!$B:$G,6,FALSE) -> 0 | AG35: =IF(AF35=0,0,VLOOKUP(AF35,struktura!$B:$D,3,FALSE)) -> 0 | AH35: =IF(AF35=0,0,AH$1/VLOOKUP(AF35,struktura!$B:$F,5,FALSE)) -> 0 | AI35: =VLOOKUP(AF35,struktura!$B:$G,6,FALSE) -> 0 | AK35: =IF(AJ35=0,0,VLOOKUP(AJ35,struktura!$B:$D,3,FALSE)) -> 0 | AL35: =IF(AJ35=0,0,AL$1/VLOOKUP(AJ35,struktura!$B:$F,5,FALSE)) -> 0 | AM35: =VLOOKUP(AJ35,struktura!$B:$G,6,FALSE) -> 0 | AO35: =IF(AN35=0,0,VLOOKUP(AN35,struktura!$B:$D,3,FALSE)) -> 0 | AP35: =IF(AN35=0,0,AP$1/VLOOKUP(AN35,struktura!$B:$F,5,FALSE)) -> 0 | AQ35: =VLOOKUP(AN35,struktura!$B:$G,6,FALSE) -> 0 | AS35: =IF(AR35=0,0,VLOOKUP(AR35,struktura!$B:$D,3,FALSE)) -> 0 | AT35: =IF(AR35=0,0,AT$1/VLOOKUP(AR35,struktura!$B:$F,5,FALSE)) -> 0 | AU35: =VLOOKUP(AR35,struktura!$B:$G,6,FALSE) -> 0 | AW35: =IF(AV35=0,0,VLOOKUP(AV35,struktura!$B:$D,3,FALSE)) -> 0 | AX35: =IF(AV35=0,0,AX$1/VLOOKUP(AV35,struktura!$B:$F,5,FALSE)) -> 0 | AY35: =VLOOKUP(AV35,struktura!$B:$G,6,FALSE) -> 0 | BA35: =IF(AZ35=0,0,VLOOKUP(AZ35,struktura!$B:$D,3,FALSE)) -> 0 | BB35: =IF(AZ35=0,0,BB$1/VLOOKUP(AZ35,struktura!$B:$F,5,FALSE)) -> 0 | BC35: =VLOOKUP(AZ35,struktura!$B:$G,6,FALSE) -> 0 | BD35: t | BE35: =IF(BD35=0,0,VLOOKUP(BD35,struktura!$B:$D,3,FALSE)) -> rezervirano za tehnologijo | BF35: =IF(BD35=0,0,BF$1/VLOOKUP(BD35,struktura!$B:$F,5,FALSE)) -> 24 | BG35: =VLOOKUP(BD35,struktura!$B:$G,6,FALSE) -> 0 | BH35: t | BI35: =IF(BH35=0,0,VLOOKUP(BH35,struktura!$B:$D,3,FALSE)) -> rezervirano za tehnologijo | BJ35: =IF(BH35=0,0,BJ$1/VLOOKUP(BH35,struktura!$B:$F,5,FALSE)) -> 24 | BK35: =VLOOKUP(BH35,struktura!$B:$G,6,FALSE) -> 0 | BM35: =IF(BL35=0,0,VLOOKUP(BL35,struktura!$B:$D,3,FALSE)) -> 0 | BN35: =IF(BL35=0,0,BN$1/VLOOKUP(BL35,struktura!$B:$F,5,FALSE)) -> 0 | BO35: =VLOOKUP(BL35,struktura!$B:$G,6,FALSE) -> 0 | BQ35: =IF(BP35=0,0,VLOOKUP(BP35,struktura!$B:$D,3,FALSE)) -> 0 | BR35: =IF(BP35=0,0,BR$1/VLOOKUP(BP35,struktura!$B:$F,5,FALSE)) -> 0 | BS35: =VLOOKUP(BP35,struktura!$B:$G,6,FALSE) -> 0 | BT35: 132100499 | BU35: =IF(BT35=0,0,VLOOKUP(BT35,struktura!$B:$D,3,FALSE)) -> Pokrov Zračnika 600 | BV35: =IF(BT35=0,0,BV$1/VLOOKUP(BT35,struktura!$B:$F,5,FALSE)) -> 5760 | BW35: =VLOOKUP(BT35,struktura!$B:$G,6,FALSE) -> 0.25 | BX35: 132100499 | BY35: =IF(BX35=0,0,VLOOKUP(BX35,struktura!$B:$D,3,FALSE)) -> Pokrov Zračnika 600 | BZ35: =IF(BX35=0,0,BZ$1/VLOOKUP(BX35,struktura!$B:$F,5,FALSE)) -> 5760 | CA35: =VLOOKUP(BX35,struktura!$B:$G,6,FALSE) -> 0.25 | CB35: 132100499 | CC35: =IF(CB35=0,0,VLOOKUP(CB35,struktura!$B:$D,3,FALSE)) -> Pokrov Zračnika 600 | CD35: =IF(CB35=0,0,CD$1/VLOOKUP(CB35,struktura!$B:$F,5,FALSE)) -> 5760 | CE35: =VLOOKUP(CB35,struktura!$B:$G,6,FALSE) -> 0.25 | CF35: 132100007 | CG35: =IF(CF35=0,0,VLOOKUP(CF35,struktura!$B:$D,3,FALSE)) -> MENZURA B10 Measuring cup B10 | CH35: =IF(CF35=0,0,CH$1/VLOOKUP(CF35,struktura!$B:$F,5,FALSE)) -> 4800 | CI35: =VLOOKUP(CF35,struktura!$B:$G,6,FALSE) -> 0.5 | CK35: =IF(CJ35=0,0,VLOOKUP(CJ35,struktura!$B:$D,3,FALSE)) -> 0 | CL35: =IF(CJ35=0,0,CL$1/VLOOKUP(CJ35,struktura!$B:$F,5,FALSE)) -> 0 | CM35: =VLOOKUP(CJ35,struktura!$B:$G,6,FALSE) -> 0 | CO35: =IF(CN35=0,0,VLOOKUP(CN35,struktura!$B:$D,3,FALSE)) -> 0 | CP35: =IF(CN35=0,0,CP$1/VLOOKUP(CN35,struktura!$B:$F,5,FALSE)) -> 0 | CQ35: =VLOOKUP(CN35,struktura!$B:$G,6,FALSE) -> 0 | CS35: =IF(CR35=0,0,VLOOKUP(CR35,struktura!$B:$D,3,FALSE)) -> 0 | CT35: =IF(CR35=0,0,CT$1/VLOOKUP(CR35,struktura!$B:$F,5,FALSE)) -> 0 | CU35: =VLOOKUP(CR35,struktura!$B:$G,6,FALSE) -> 0 | CW35: =IF(CV35=0,0,VLOOKUP(CV35,struktura!$B:$D,3,FALSE)) -> 0 | CX35: =IF(CV35=0,0,CX$1/VLOOKUP(CV35,struktura!$B:$F,5,FALSE)) -> 0 | CY35: =VLOOKUP(CV35,struktura!$B:$G,6,FALSE) -> 0 | DE35: =IF(DD35=0,0,VLOOKUP(DD35,struktura!$B:$D,3,FALSE)) -> 0 | DF35: =IF(DD35=0,0,DF$1/VLOOKUP(DD35,struktura!$B:$F,5,FALSE)) -> 0 | DG35: =VLOOKUP(DD35,struktura!$B:$G,6,FALSE) -> 0 | DI35: =IF(DH35=0,0,VLOOKUP(DH35,struktura!$B:$D,3,FALSE)) -> 0 | DJ35: =IF(DH35=0,0,DJ$1/VLOOKUP(DH35,struktura!$B:$F,5,FALSE)) -> 0 | DK35: =VLOOKUP(DH35,struktura!$B:$G,6,FALSE) -> 0 | DM35: =IF(DL35=0,0,VLOOKUP(DL35,struktura!$B:$D,3,FALSE)) -> 0 | DN35: =IF(DL35=0,0,DN$1/VLOOKUP(DL35,struktura!$B:$F,5,FALSE)) -> 0 | DO35: =VLOOKUP(DL35,struktura!$B:$G,6,FALSE) -> 0 | DQ35: =IF(DP35=0,0,VLOOKUP(DP35,struktura!$B:$D,3,FALSE)) -> 0 | DR35: =IF(DP35=0,0,DR$1/VLOOKUP(DP35,struktura!$B:$F,5,FALSE)) -> 0 | DS35: =VLOOKUP(DP35,struktura!$B:$G,6,FALSE) -> 0
P36: Lovro Iskra M.16.7. 207110004- 400 kos | BD36: sennheiser - Rok | BH36: sennheiser - Rok | BT36: serija 3 dni 11/8 | CF36: serija 6 dni (11/8)
B37: 16 | C37: KM 80 | E37: =IF(D37=0,"0",VLOOKUP(D37,struktura!$B:$D,3,FALSE)) -> 0 | F37: =IF(D37=0,"",24/VLOOKUP(D37,struktura!$B:$F,5,FALSE)) | G37: =VLOOKUP(D37,struktura!$B:$G,6,FALSE) -> 0 | H37: 132100508 | I37: NASTAVEK MLINSKE PLOŠČE ZG V6 II | J37: 4935 | K37: 0.25 | L37: 132100508 | M37: =IF(L37=0,0,VLOOKUP(L37,struktura!$B:$D,3,FALSE)) -> NASTAVEK MLINSKE PLOŠČE ZG V6 II | N37: =IF(L37=0,0,N$1/VLOOKUP(L37,struktura!$B:$F,5,FALSE)) -> 4935 | O37: =VLOOKUP(L37,struktura!$B:$G,6,FALSE) -> 0.25 | P37: 132100508 | Q37: =IF(P37=0,0,VLOOKUP(P37,struktura!$B:$D,3,FALSE)) -> NASTAVEK MLINSKE PLOŠČE ZG V6 II | R37: =IF(P37=0,0,R$1/VLOOKUP(P37,struktura!$B:$F,5,FALSE)) -> 4935 | S37: =VLOOKUP(P37,struktura!$B:$G,6,FALSE) -> 0.25 | T37: 132100508 | U37: =IF(T37=0,0,VLOOKUP(T37,struktura!$B:$D,3,FALSE)) -> NASTAVEK MLINSKE PLOŠČE ZG V6 II | V37: =IF(T37=0,0,V$1/VLOOKUP(T37,struktura!$B:$F,5,FALSE)) -> 4935 | W37: =VLOOKUP(T37,struktura!$B:$G,6,FALSE) -> 0.25 | X37: 132100508 | Y37: =IF(X37=0,0,VLOOKUP(X37,struktura!$B:$D,3,FALSE)) -> NASTAVEK MLINSKE PLOŠČE ZG V6 II | Z37: =IF(X37=0,0,Z$1/VLOOKUP(X37,struktura!$B:$F,5,FALSE)) -> 4935 | AA37: =VLOOKUP(X37,struktura!$B:$G,6,FALSE) -> 0.25 | AB37: 132100508 | AC37: =IF(AB37=0,0,VLOOKUP(AB37,struktura!$B:$D,3,FALSE)) -> NASTAVEK MLINSKE PLOŠČE ZG V6 II | AD37: =IF(AB37=0,0,AD$1/VLOOKUP(AB37,struktura!$B:$F,5,FALSE)) -> 4935 | AE37: =VLOOKUP(AB37,struktura!$B:$G,6,FALSE) -> 0.25 | AF37: 132100508 | AG37: =IF(AF37=0,0,VLOOKUP(AF37,struktura!$B:$D,3,FALSE)) -> NASTAVEK MLINSKE PLOŠČE ZG V6 II | AH37: =IF(AF37=0,0,AH$1/VLOOKUP(AF37,struktura!$B:$F,5,FALSE)) -> 4935 | AI37: =VLOOKUP(AF37,struktura!$B:$G,6,FALSE) -> 0.25 | AJ37: 132100508 | AK37: =IF(AJ37=0,0,VLOOKUP(AJ37,struktura!$B:$D,3,FALSE)) -> NASTAVEK MLINSKE PLOŠČE ZG V6 II | AL37: =IF(AJ37=0,0,AL$1/VLOOKUP(AJ37,struktura!$B:$F,5,FALSE)) -> 4935 | AM37: =VLOOKUP(AJ37,struktura!$B:$G,6,FALSE) -> 0.25 | AN37: 132100508 | AO37: =IF(AN37=0,0,VLOOKUP(AN37,struktura!$B:$D,3,FALSE)) -> NASTAVEK MLINSKE PLOŠČE ZG V6 II | AP37: =IF(AN37=0,0,AP$1/VLOOKUP(AN37,struktura!$B:$F,5,FALSE)) -> 4935 | AQ37: =VLOOKUP(AN37,struktura!$B:$G,6,FALSE) -> 0.25 | AS37: =IF(AR37=0,0,VLOOKUP(AR37,struktura!$B:$D,3,FALSE)) -> 0 | AT37: =IF(AR37=0,0,AT$1/VLOOKUP(AR37,struktura!$B:$F,5,FALSE)) -> 0 | AU37: =VLOOKUP(AR37,struktura!$B:$G,6,FALSE) -> 0 | AW37: =IF(AV37=0,0,VLOOKUP(AV37,struktura!$B:$D,3,FALSE)) -> 0 | AX37: =IF(AV37=0,0,AX$1/VLOOKUP(AV37,struktura!$B:$F,5,FALSE)) -> 0 | AY37: =VLOOKUP(AV37,struktura!$B:$G,6,FALSE) -> 0 | BA37: =IF(AZ37=0,0,VLOOKUP(AZ37,struktura!$B:$D,3,FALSE)) -> 0 | BB37: =IF(AZ37=0,0,BB$1/VLOOKUP(AZ37,struktura!$B:$F,5,FALSE)) -> 0 | BC37: =VLOOKUP(AZ37,struktura!$B:$G,6,FALSE) -> 0 | BE37: =IF(BD37=0,0,VLOOKUP(BD37,struktura!$B:$D,3,FALSE)) -> 0 | BF37: =IF(BD37=0,0,BF$1/VLOOKUP(BD37,struktura!$B:$F,5,FALSE)) -> 0 | BG37: =VLOOKUP(BD37,struktura!$B:$G,6,FALSE) -> 0 | BI37: =IF(BH37=0,0,VLOOKUP(BH37,struktura!$B:$D,3,FALSE)) -> 0 | BJ37: =IF(BH37=0,0,BJ$1/VLOOKUP(BH37,struktura!$B:$F,5,FALSE)) -> 0 | BK37: =VLOOKUP(BH37,struktura!$B:$G,6,FALSE) -> 0 | BM37: =IF(BL37=0,0,VLOOKUP(BL37,struktura!$B:$D,3,FALSE)) -> 0 | BN37: =IF(BL37=0,0,BN$1/VLOOKUP(BL37,struktura!$B:$F,5,FALSE)) -> 0 | BO37: =VLOOKUP(BL37,struktura!$B:$G,6,FALSE) -> 0 | BQ37: =IF(BP37=0,0,VLOOKUP(BP37,struktura!$B:$D,3,FALSE)) -> 0 | BR37: =IF(BP37=0,0,BR$1/VLOOKUP(BP37,struktura!$B:$F,5,FALSE)) -> 0 | BS37: =VLOOKUP(BP37,struktura!$B:$G,6,FALSE) -> 0 | BU37: =IF(BT37=0,0,VLOOKUP(BT37,struktura!$B:$D,3,FALSE)) -> 0 | BV37: =IF(BT37=0,0,BV$1/VLOOKUP(BT37,struktura!$B:$F,5,FALSE)) -> 0 | BW37: =VLOOKUP(BT37,struktura!$B:$G,6,FALSE) -> 0 | BY37: =IF(BX37=0,0,VLOOKUP(BX37,struktura!$B:$D,3,FALSE)) -> 0 | BZ37: =IF(BX37=0,0,BZ$1/VLOOKUP(BX37,struktura!$B:$F,5,FALSE)) -> 0 | CA37: =VLOOKUP(BX37,struktura!$B:$G,6,FALSE) -> 0 | CC37: =IF(CB37=0,0,VLOOKUP(CB37,struktura!$B:$D,3,FALSE)) -> 0 | CD37: =IF(CB37=0,0,CD$1/VLOOKUP(CB37,struktura!$B:$F,5,FALSE)) -> 0 | CE37: =VLOOKUP(CB37,struktura!$B:$G,6,FALSE) -> 0 | CG37: =IF(CF37=0,0,VLOOKUP(CF37,struktura!$B:$D,3,FALSE)) -> 0 | CH37: =IF(CF37=0,0,CH$1/VLOOKUP(CF37,struktura!$B:$F,5,FALSE)) -> 0 | CI37: =VLOOKUP(CF37,struktura!$B:$G,6,FALSE) -> 0 | CK37: =IF(CJ37=0,0,VLOOKUP(CJ37,struktura!$B:$D,3,FALSE)) -> 0 | CL37: =IF(CJ37=0,0,CL$1/VLOOKUP(CJ37,struktura!$B:$F,5,FALSE)) -> 0 | CM37: =VLOOKUP(CJ37,struktura!$B:$G,6,FALSE) -> 0 | CO37: =IF(CN37=0,0,VLOOKUP(CN37,struktura!$B:$D,3,FALSE)) -> 0 | CP37: =IF(CN37=0,0,CP$1/VLOOKUP(CN37,struktura!$B:$F,5,FALSE)) -> 0 | CQ37: =VLOOKUP(CN37,struktura!$B:$G,6,FALSE) -> 0 | CS37: =IF(CR37=0,0,VLOOKUP(CR37,struktura!$B:$D,3,FALSE)) -> 0 | CT37: =IF(CR37=0,0,CT$1/VLOOKUP(CR37,struktura!$B:$F,5,FALSE)) -> 0 | CU37: =VLOOKUP(CR37,struktura!$B:$G,6,FALSE) -> 0 | CW37: =IF(CV37=0,0,VLOOKUP(CV37,struktura!$B:$D,3,FALSE)) -> 0 | CX37: =IF(CV37=0,0,CX$1/VLOOKUP(CV37,struktura!$B:$F,5,FALSE)) -> 0 | CY37: =VLOOKUP(CV37,struktura!$B:$G,6,FALSE) -> 0 | DE37: =IF(DD37=0,0,VLOOKUP(DD37,struktura!$B:$D,3,FALSE)) -> 0 | DF37: =IF(DD37=0,0,DF$1/VLOOKUP(DD37,struktura!$B:$F,5,FALSE)) -> 0 | DG37: =VLOOKUP(DD37,struktura!$B:$G,6,FALSE) -> 0 | DI37: =IF(DH37=0,0,VLOOKUP(DH37,struktura!$B:$D,3,FALSE)) -> 0 | DJ37: =IF(DH37=0,0,DJ$1/VLOOKUP(DH37,struktura!$B:$F,5,FALSE)) -> 0 | DK37: =VLOOKUP(DH37,struktura!$B:$G,6,FALSE) -> 0 | DM37: =IF(DL37=0,0,VLOOKUP(DL37,struktura!$B:$D,3,FALSE)) -> 0 | DN37: =IF(DL37=0,0,DN$1/VLOOKUP(DL37,struktura!$B:$F,5,FALSE)) -> 0 | DO37: =VLOOKUP(DL37,struktura!$B:$G,6,FALSE) -> 0 | DQ37: =IF(DP37=0,0,VLOOKUP(DP37,struktura!$B:$D,3,FALSE)) -> 0 | DR37: =IF(DP37=0,0,DR$1/VLOOKUP(DP37,struktura!$B:$F,5,FALSE)) -> 0 | DS37: =VLOOKUP(DP37,struktura!$B:$G,6,FALSE) -> 0
H38: P250809428
B39: 12 | C39: KM 80 R | E39: =IF(D39=0,"0",VLOOKUP(D39,struktura!$B:$D,3,FALSE)) -> 0 | F39: =IF(D39=0,"",24/VLOOKUP(D39,struktura!$B:$F,5,FALSE)) | G39: =VLOOKUP(D39,struktura!$B:$G,6,FALSE) -> 0 | I39: 0 | J39: 0 | K39: 0 | L39: 355110015 | M39: =IF(L39=0,0,VLOOKUP(L39,struktura!$B:$D,3,FALSE)) -> Rosette m. 3 Zapfen sur.za lak. FAWO | N39: =IF(L39=0,0,N$1/VLOOKUP(L39,struktura!$B:$F,5,FALSE)) -> 2400 | O39: =VLOOKUP(L39,struktura!$B:$G,6,FALSE) -> 0.25 | P39: 355110015 | Q39: =IF(P39=0,0,VLOOKUP(P39,struktura!$B:$D,3,FALSE)) -> Rosette m. 3 Zapfen sur.za lak. FAWO | R39: =IF(P39=0,0,R$1/VLOOKUP(P39,struktura!$B:$F,5,FALSE)) -> 2400 | S39: =VLOOKUP(P39,struktura!$B:$G,6,FALSE) -> 0.25 | T39: 130100001 | U39: =IF(T39=0,0,VLOOKUP(T39,struktura!$B:$D,3,FALSE)) -> SK316 FILLER PIECE FRT LH V2 | V39: =IF(T39=0,0,V$1/VLOOKUP(T39,struktura!$B:$F,5,FALSE)) -> 2700 | W39: =VLOOKUP(T39,struktura!$B:$G,6,FALSE) -> 0.25 | X39: 130100001 | Y39: =IF(X39=0,0,VLOOKUP(X39,struktura!$B:$D,3,FALSE)) -> SK316 FILLER PIECE FRT LH V2 | Z39: =IF(X39=0,0,Z$1/VLOOKUP(X39,struktura!$B:$F,5,FALSE)) -> 2700 | AA39: =VLOOKUP(X39,struktura!$B:$G,6,FALSE) -> 0.25 | AB39: 130100001 | AC39: =IF(AB39=0,0,VLOOKUP(AB39,struktura!$B:$D,3,FALSE)) -> SK316 FILLER PIECE FRT LH V2 | AD39: =IF(AB39=0,0,AD$1/VLOOKUP(AB39,struktura!$B:$F,5,FALSE)) -> 2700 | AE39: =VLOOKUP(AB39,struktura!$B:$G,6,FALSE) -> 0.25 | AF39: 130100001 | AG39: =IF(AF39=0,0,VLOOKUP(AF39,struktura!$B:$D,3,FALSE)) -> SK316 FILLER PIECE FRT LH V2 | AH39: =IF(AF39=0,0,AH$1/VLOOKUP(AF39,struktura!$B:$F,5,FALSE)) -> 2700 | AI39: =VLOOKUP(AF39,struktura!$B:$G,6,FALSE) -> 0.25 | AJ39: 130100001 | AK39: =IF(AJ39=0,0,VLOOKUP(AJ39,struktura!$B:$D,3,FALSE)) -> SK316 FILLER PIECE FRT LH V2 | AL39: =IF(AJ39=0,0,AL$1/VLOOKUP(AJ39,struktura!$B:$F,5,FALSE)) -> 2700 | AM39: =VLOOKUP(AJ39,struktura!$B:$G,6,FALSE) -> 0.25 | AN39: 130100001 | AO39: =IF(AN39=0,0,VLOOKUP(AN39,struktura!$B:$D,3,FALSE)) -> SK316 FILLER PIECE FRT LH V2 | AP39: =IF(AN39=0,0,AP$1/VLOOKUP(AN39,struktura!$B:$F,5,FALSE)) -> 2700 | AQ39: =VLOOKUP(AN39,struktura!$B:$G,6,FALSE) -> 0.25 | AR39: 132100506 | AS39: =IF(AR39=0,0,VLOOKUP(AR39,struktura!$B:$D,3,FALSE)) -> NASTAVEK MLINSKE PLOŠČE SP.V6 II AKULON K224-G6-FC NA99001 | AT39: =IF(AR39=0,0,AT$1/VLOOKUP(AR39,struktura!$B:$F,5,FALSE)) -> 6857.1429 | AU39: =VLOOKUP(AR39,struktura!$B:$G,6,FALSE) -> 0.25 | AV39: 132100506 | AW39: =IF(AV39=0,0,VLOOKUP(AV39,struktura!$B:$D,3,FALSE)) -> NASTAVEK MLINSKE PLOŠČE SP.V6 II AKULON K224-G6-FC NA99001 | AX39: =IF(AV39=0,0,AX$1/VLOOKUP(AV39,struktura!$B:$F,5,FALSE)) -> 6857.1429 | AY39: =VLOOKUP(AV39,struktura!$B:$G,6,FALSE) -> 0.25 | AZ39: 132100506 | BA39: =IF(AZ39=0,0,VLOOKUP(AZ39,struktura!$B:$D,3,FALSE)) -> NASTAVEK MLINSKE PLOŠČE SP.V6 II AKULON K224-G6-FC NA99001 | BB39: =IF(AZ39=0,0,BB$1/VLOOKUP(AZ39,struktura!$B:$F,5,FALSE)) -> 6857.1429 | BC39: =VLOOKUP(AZ39,struktura!$B:$G,6,FALSE) -> 0.25 | BD39: 132100506 | BE39: =IF(BD39=0,0,VLOOKUP(BD39,struktura!$B:$D,3,FALSE)) -> NASTAVEK MLINSKE PLOŠČE SP.V6 II AKULON K224-G6-FC NA99001 | BF39: =IF(BD39=0,0,BF$1/VLOOKUP(BD39,struktura!$B:$F,5,FALSE)) -> 6857.1429 | BG39: =VLOOKUP(BD39,struktura!$B:$G,6,FALSE) -> 0.25 | BH39: 132100506 | BI39: =IF(BH39=0,0,VLOOKUP(BH39,struktura!$B:$D,3,FALSE)) -> NASTAVEK MLINSKE PLOŠČE SP.V6 II AKULON K224-G6-FC NA99001 | BJ39: =IF(BH39=0,0,BJ$1/VLOOKUP(BH39,struktura!$B:$F,5,FALSE)) -> 6857.1429 | BK39: =VLOOKUP(BH39,struktura!$B:$G,6,FALSE) -> 0.25 | BL39: 132100506 | BM39: =IF(BL39=0,0,VLOOKUP(BL39,struktura!$B:$D,3,FALSE)) -> NASTAVEK MLINSKE PLOŠČE SP.V6 II AKULON K224-G6-FC NA99001 | BN39: =IF(BL39=0,0,BN$1/VLOOKUP(BL39,struktura!$B:$F,5,FALSE)) -> 6857.1429 | BO39: =VLOOKUP(BL39,struktura!$B:$G,6,FALSE) -> 0.25 | BQ39: =IF(BP39=0,0,VLOOKUP(BP39,struktura!$B:$D,3,FALSE)) -> 0 | BR39: =IF(BP39=0,0,BR$1/VLOOKUP(BP39,struktura!$B:$F,5,FALSE)) -> 0 | BS39: =VLOOKUP(BP39,struktura!$B:$G,6,FALSE) -> 0 | BU39: =IF(BT39=0,0,VLOOKUP(BT39,struktura!$B:$D,3,FALSE)) -> 0 | BV39: =IF(BT39=0,0,BV$1/VLOOKUP(BT39,struktura!$B:$F,5,FALSE)) -> 0 | BW39: =VLOOKUP(BT39,struktura!$B:$G,6,FALSE) -> 0 | BY39: =IF(BX39=0,0,VLOOKUP(BX39,struktura!$B:$D,3,FALSE)) -> 0 | BZ39: =IF(BX39=0,0,BZ$1/VLOOKUP(BX39,struktura!$B:$F,5,FALSE)) -> 0 | CA39: =VLOOKUP(BX39,struktura!$B:$G,6,FALSE) -> 0 | CC39: =IF(CB39=0,0,VLOOKUP(CB39,struktura!$B:$D,3,FALSE)) -> 0 | CD39: =IF(CB39=0,0,CD$1/VLOOKUP(CB39,struktura!$B:$F,5,FALSE)) -> 0 | CE39: =VLOOKUP(CB39,struktura!$B:$G,6,FALSE) -> 0 | CG39: =IF(CF39=0,0,VLOOKUP(CF39,struktura!$B:$D,3,FALSE)) -> 0 | CH39: =IF(CF39=0,0,CH$1/VLOOKUP(CF39,struktura!$B:$F,5,FALSE)) -> 0 | CI39: =VLOOKUP(CF39,struktura!$B:$G,6,FALSE) -> 0 | CK39: =IF(CJ39=0,0,VLOOKUP(CJ39,struktura!$B:$D,3,FALSE)) -> 0 | CL39: =IF(CJ39=0,0,CL$1/VLOOKUP(CJ39,struktura!$B:$F,5,FALSE)) -> 0 | CM39: =VLOOKUP(CJ39,struktura!$B:$G,6,FALSE) -> 0 | CO39: =IF(CN39=0,0,VLOOKUP(CN39,struktura!$B:$D,3,FALSE)) -> 0 | CP39: =IF(CN39=0,0,CP$1/VLOOKUP(CN39,struktura!$B:$F,5,FALSE)) -> 0 | CQ39: =VLOOKUP(CN39,struktura!$B:$G,6,FALSE) -> 0 | CS39: =IF(CR39=0,0,VLOOKUP(CR39,struktura!$B:$D,3,FALSE)) -> 0 | CT39: =IF(CR39=0,0,CT$1/VLOOKUP(CR39,struktura!$B:$F,5,FALSE)) -> 0 | CU39: =VLOOKUP(CR39,struktura!$B:$G,6,FALSE) -> 0 | CW39: =IF(CV39=0,0,VLOOKUP(CV39,struktura!$B:$D,3,FALSE)) -> 0 | CX39: =IF(CV39=0,0,CX$1/VLOOKUP(CV39,struktura!$B:$F,5,FALSE)) -> 0 | CY39: =VLOOKUP(CV39,struktura!$B:$G,6,FALSE) -> 0 | DE39: =IF(DD39=0,0,VLOOKUP(DD39,struktura!$B:$D,3,FALSE)) -> 0 | DF39: =IF(DD39=0,0,DF$1/VLOOKUP(DD39,struktura!$B:$F,5,FALSE)) -> 0 | DG39: =VLOOKUP(DD39,struktura!$B:$G,6,FALSE) -> 0 | DI39: =IF(DH39=0,0,VLOOKUP(DH39,struktura!$B:$D,3,FALSE)) -> 0 | DJ39: =IF(DH39=0,0,DJ$1/VLOOKUP(DH39,struktura!$B:$F,5,FALSE)) -> 0 | DK39: =VLOOKUP(DH39,struktura!$B:$G,6,FALSE) -> 0 | DM39: =IF(DL39=0,0,VLOOKUP(DL39,struktura!$B:$D,3,FALSE)) -> 0 | DN39: =IF(DL39=0,0,DN$1/VLOOKUP(DL39,struktura!$B:$F,5,FALSE)) -> 0 | DO39: =VLOOKUP(DL39,struktura!$B:$G,6,FALSE) -> 0 | DQ39: =IF(DP39=0,0,VLOOKUP(DP39,struktura!$B:$D,3,FALSE)) -> 0 | DR39: =IF(DP39=0,0,DR$1/VLOOKUP(DP39,struktura!$B:$F,5,FALSE)) -> 0 | DS39: =VLOOKUP(DP39,struktura!$B:$G,6,FALSE) -> 0
L40: P250610017, serija 2 dni cca 5.000kos | T40: P250809877 P250909369 serija do konca nasl tedna cca 12.000 | X40: P250809877 P250909369 serija do konca nasl tedna cca 12.000
B41: 23 | C41: KM 50 | E41: =IF(D41=0,"0",VLOOKUP(D41,struktura!$B:$D,3,FALSE)) -> 0 | F41: =IF(D41=0,"",24/VLOOKUP(D41,struktura!$B:$F,5,FALSE)) | G41: =VLOOKUP(D41,struktura!$B:$G,6,FALSE) -> 0 | I41: 0 | J41: 0 | K41: 0 | L41: 212100022 | M41: =IF(L41=0,0,VLOOKUP(L41,struktura!$B:$D,3,FALSE)) -> KOLENO -Recticel | N41: =IF(L41=0,0,N$1/VLOOKUP(L41,struktura!$B:$F,5,FALSE)) -> 2461.5385 | O41: =VLOOKUP(L41,struktura!$B:$G,6,FALSE) -> 0.25 | P41: 212100022 | Q41: =IF(P41=0,0,VLOOKUP(P41,struktura!$B:$D,3,FALSE)) -> KOLENO -Recticel | R41: =IF(P41=0,0,R$1/VLOOKUP(P41,struktura!$B:$F,5,FALSE)) -> 2461.5385 | S41: =VLOOKUP(P41,struktura!$B:$G,6,FALSE) -> 0.25 | T41: 212100022 | U41: =IF(T41=0,0,VLOOKUP(T41,struktura!$B:$D,3,FALSE)) -> KOLENO -Recticel | V41: =IF(T41=0,0,V$1/VLOOKUP(T41,struktura!$B:$F,5,FALSE)) -> 2461.5385 | W41: =VLOOKUP(T41,struktura!$B:$G,6,FALSE) -> 0.25 | X41: t | Y41: =IF(X41=0,0,VLOOKUP(X41,struktura!$B:$D,3,FALSE)) -> rezervirano za tehnologijo | Z41: =IF(X41=0,0,Z$1/VLOOKUP(X41,struktura!$B:$F,5,FALSE)) -> 24 | AA41: =VLOOKUP(X41,struktura!$B:$G,6,FALSE) -> 0 | AC41: =IF(AB41=0,0,VLOOKUP(AB41,struktura!$B:$D,3,FALSE)) -> 0 | AD41: =IF(AB41=0,0,AD$1/VLOOKUP(AB41,struktura!$B:$F,5,FALSE)) -> 0 | AE41: =VLOOKUP(AB41,struktura!$B:$G,6,FALSE) -> 0 | AG41: =IF(AF41=0,0,VLOOKUP(AF41,struktura!$B:$D,3,FALSE)) -> 0 | AH41: =IF(AF41=0,0,AH$1/VLOOKUP(AF41,struktura!$B:$F,5,FALSE)) -> 0 | AI41: =VLOOKUP(AF41,struktura!$B:$G,6,FALSE) -> 0 | AK41: =IF(AJ41=0,0,VLOOKUP(AJ41,struktura!$B:$D,3,FALSE)) -> 0 | AL41: =IF(AJ41=0,0,AL$1/VLOOKUP(AJ41,struktura!$B:$F,5,FALSE)) -> 0 | AM41: =VLOOKUP(AJ41,struktura!$B:$G,6,FALSE) -> 0 | AO41: =IF(AN41=0,0,VLOOKUP(AN41,struktura!$B:$D,3,FALSE)) -> 0 | AP41: =IF(AN41=0,0,AP$1/VLOOKUP(AN41,struktura!$B:$F,5,FALSE)) -> 0 | AQ41: =VLOOKUP(AN41,struktura!$B:$G,6,FALSE) -> 0 | AS41: =IF(AR41=0,0,VLOOKUP(AR41,struktura!$B:$D,3,FALSE)) -> 0 | AT41: =IF(AR41=0,0,AT$1/VLOOKUP(AR41,struktura!$B:$F,5,FALSE)) -> 0 | AU41: =VLOOKUP(AR41,struktura!$B:$G,6,FALSE) -> 0 | AW41: =IF(AV41=0,0,VLOOKUP(AV41,struktura!$B:$D,3,FALSE)) -> 0 | AX41: =IF(AV41=0,0,AX$1/VLOOKUP(AV41,struktura!$B:$F,5,FALSE)) -> 0 | AY41: =VLOOKUP(AV41,struktura!$B:$G,6,FALSE) -> 0 | BA41: =IF(AZ41=0,0,VLOOKUP(AZ41,struktura!$B:$D,3,FALSE)) -> 0 | BB41: =IF(AZ41=0,0,BB$1/VLOOKUP(AZ41,struktura!$B:$F,5,FALSE)) -> 0 | BC41: =VLOOKUP(AZ41,struktura!$B:$G,6,FALSE) -> 0 | BE41: =IF(BD41=0,0,VLOOKUP(BD41,struktura!$B:$D,3,FALSE)) -> 0 | BF41: =IF(BD41=0,0,BF$1/VLOOKUP(BD41,struktura!$B:$F,5,FALSE)) -> 0 | BG41: =VLOOKUP(BD41,struktura!$B:$G,6,FALSE) -> 0 | BI41: =IF(BH41=0,0,VLOOKUP(BH41,struktura!$B:$D,3,FALSE)) -> 0 | BJ41: =IF(BH41=0,0,BJ$1/VLOOKUP(BH41,struktura!$B:$F,5,FALSE)) -> 0 | BK41: =VLOOKUP(BH41,struktura!$B:$G,6,FALSE) -> 0 | BM41: =IF(BL41=0,0,VLOOKUP(BL41,struktura!$B:$D,3,FALSE)) -> 0 | BN41: =IF(BL41=0,0,BN$1/VLOOKUP(BL41,struktura!$B:$F,5,FALSE)) -> 0 | BO41: =VLOOKUP(BL41,struktura!$B:$G,6,FALSE) -> 0 | BQ41: =IF(BP41=0,0,VLOOKUP(BP41,struktura!$B:$D,3,FALSE)) -> 0 | BR41: =IF(BP41=0,0,BR$1/VLOOKUP(BP41,struktura!$B:$F,5,FALSE)) -> 0 | BS41: =VLOOKUP(BP41,struktura!$B:$G,6,FALSE) -> 0 | BU41: =IF(BT41=0,0,VLOOKUP(BT41,struktura!$B:$D,3,FALSE)) -> 0 | BV41: =IF(BT41=0,0,BV$1/VLOOKUP(BT41,struktura!$B:$F,5,FALSE)) -> 0 | BW41: =VLOOKUP(BT41,struktura!$B:$G,6,FALSE) -> 0 | BY41: =IF(BX41=0,0,VLOOKUP(BX41,struktura!$B:$D,3,FALSE)) -> 0 | BZ41: =IF(BX41=0,0,BZ$1/VLOOKUP(BX41,struktura!$B:$F,5,FALSE)) -> 0 | CA41: =VLOOKUP(BX41,struktura!$B:$G,6,FALSE) -> 0 | CC41: =IF(CB41=0,0,VLOOKUP(CB41,struktura!$B:$D,3,FALSE)) -> 0 | CD41: =IF(CB41=0,0,CD$1/VLOOKUP(CB41,struktura!$B:$F,5,FALSE)) -> 0 | CE41: =VLOOKUP(CB41,struktura!$B:$G,6,FALSE) -> 0 | CG41: =IF(CF41=0,0,VLOOKUP(CF41,struktura!$B:$D,3,FALSE)) -> 0 | CH41: =IF(CF41=0,0,CH$1/VLOOKUP(CF41,struktura!$B:$F,5,FALSE)) -> 0 | CI41: =VLOOKUP(CF41,struktura!$B:$G,6,FALSE) -> 0 | CK41: =IF(CJ41=0,0,VLOOKUP(CJ41,struktura!$B:$D,3,FALSE)) -> 0 | CL41: =IF(CJ41=0,0,CL$1/VLOOKUP(CJ41,struktura!$B:$F,5,FALSE)) -> 0 | CM41: =VLOOKUP(CJ41,struktura!$B:$G,6,FALSE) -> 0 | CO41: =IF(CN41=0,0,VLOOKUP(CN41,struktura!$B:$D,3,FALSE)) -> 0 | CP41: =IF(CN41=0,0,CP$1/VLOOKUP(CN41,struktura!$B:$F,5,FALSE)) -> 0 | CQ41: =VLOOKUP(CN41,struktura!$B:$G,6,FALSE) -> 0 | CS41: =IF(CR41=0,0,VLOOKUP(CR41,struktura!$B:$D,3,FALSE)) -> 0 | CT41: =IF(CR41=0,0,CT$1/VLOOKUP(CR41,struktura!$B:$F,5,FALSE)) -> 0 | CU41: =VLOOKUP(CR41,struktura!$B:$G,6,FALSE) -> 0 | CW41: =IF(CV41=0,0,VLOOKUP(CV41,struktura!$B:$D,3,FALSE)) -> 0 | CX41: =IF(CV41=0,0,CX$1/VLOOKUP(CV41,struktura!$B:$F,5,FALSE)) -> 0 | CY41: =VLOOKUP(CV41,struktura!$B:$G,6,FALSE) -> 0 | DE41: =IF(DD41=0,0,VLOOKUP(DD41,struktura!$B:$D,3,FALSE)) -> 0 | DF41: =IF(DD41=0,0,DF$1/VLOOKUP(DD41,struktura!$B:$F,5,FALSE)) -> 0 | DG41: =VLOOKUP(DD41,struktura!$B:$G,6,FALSE) -> 0 | DI41: =IF(DH41=0,0,VLOOKUP(DH41,struktura!$B:$D,3,FALSE)) -> 0 | DJ41: =IF(DH41=0,0,DJ$1/VLOOKUP(DH41,struktura!$B:$F,5,FALSE)) -> 0 | DK41: =VLOOKUP(DH41,struktura!$B:$G,6,FALSE) -> 0 | DM41: =IF(DL41=0,0,VLOOKUP(DL41,struktura!$B:$D,3,FALSE)) -> 0 | DN41: =IF(DL41=0,0,DN$1/VLOOKUP(DL41,struktura!$B:$F,5,FALSE)) -> 0 | DO41: =VLOOKUP(DL41,struktura!$B:$G,6,FALSE) -> 0 | DQ41: =IF(DP41=0,0,VLOOKUP(DP41,struktura!$B:$D,3,FALSE)) -> 0 | DR41: =IF(DP41=0,0,DR$1/VLOOKUP(DP41,struktura!$B:$F,5,FALSE)) -> 0 | DS41: =VLOOKUP(DP41,struktura!$B:$G,6,FALSE) -> 0
L42: P250710084 - serija 3 dni cca 6.000 | X42: Rok vodilo svetlobe - Info Rok
B43: 24 | C43: KM 50 R | E43: =IF(D43=0,"0",VLOOKUP(D43,struktura!$B:$D,3,FALSE)) -> 0 | F43: =IF(D43=0,"",24/VLOOKUP(D43,struktura!$B:$F,5,FALSE)) | G43: =VLOOKUP(D43,struktura!$B:$G,6,FALSE) -> 0 | I43: 0 | J43: 0 | K43: 0 | L43: 355100009 | M43: =IF(L43=0,0,VLOOKUP(L43,struktura!$B:$D,3,FALSE)) -> KOLEŠČEK D8X7,5 BK 909 | N43: =IF(L43=0,0,N$1/VLOOKUP(L43,struktura!$B:$F,5,FALSE)) -> 75789.474 | O43: =VLOOKUP(L43,struktura!$B:$G,6,FALSE) -> 0.25 | P43: 355100009 | Q43: =IF(P43=0,0,VLOOKUP(P43,struktura!$B:$D,3,FALSE)) -> KOLEŠČEK D8X7,5 BK 909 | R43: =IF(P43=0,0,R$1/VLOOKUP(P43,struktura!$B:$F,5,FALSE)) -> 75789.474 | S43: =VLOOKUP(P43,struktura!$B:$G,6,FALSE) -> 0.25 | T43: 355100009 | U43: =IF(T43=0,0,VLOOKUP(T43,struktura!$B:$D,3,FALSE)) -> KOLEŠČEK D8X7,5 BK 909 | V43: =IF(T43=0,0,V$1/VLOOKUP(T43,struktura!$B:$F,5,FALSE)) -> 75789.474 | W43: =VLOOKUP(T43,struktura!$B:$G,6,FALSE) -> 0.25 | X43: 355100009 | Y43: =IF(X43=0,0,VLOOKUP(X43,struktura!$B:$D,3,FALSE)) -> KOLEŠČEK D8X7,5 BK 909 | Z43: =IF(X43=0,0,Z$1/VLOOKUP(X43,struktura!$B:$F,5,FALSE)) -> 75789.474 | AA43: =VLOOKUP(X43,struktura!$B:$G,6,FALSE) -> 0.25 | AB43: 132110597 | AC43: =IF(AB43=0,0,VLOOKUP(AB43,struktura!$B:$D,3,FALSE)) -> EPH NOGA GUMA CT07 | AD43: =IF(AB43=0,0,AD$1/VLOOKUP(AB43,struktura!$B:$F,5,FALSE)) -> 1860 | AE43: =VLOOKUP(AB43,struktura!$B:$G,6,FALSE) -> 0.25 | AF43: 132110597 | AG43: =IF(AF43=0,0,VLOOKUP(AF43,struktura!$B:$D,3,FALSE)) -> EPH NOGA GUMA CT07 | AH43: =IF(AF43=0,0,AH$1/VLOOKUP(AF43,struktura!$B:$F,5,FALSE)) -> 1860 | AI43: =VLOOKUP(AF43,struktura!$B:$G,6,FALSE) -> 0.25 | AJ43: 132110597 | AK43: =IF(AJ43=0,0,VLOOKUP(AJ43,struktura!$B:$D,3,FALSE)) -> EPH NOGA GUMA CT07 | AL43: =IF(AJ43=0,0,AL$1/VLOOKUP(AJ43,struktura!$B:$F,5,FALSE)) -> 1860 | AM43: =VLOOKUP(AJ43,struktura!$B:$G,6,FALSE) -> 0.25 | AN43: 132110597 | AO43: =IF(AN43=0,0,VLOOKUP(AN43,struktura!$B:$D,3,FALSE)) -> EPH NOGA GUMA CT07 | AP43: =IF(AN43=0,0,AP$1/VLOOKUP(AN43,struktura!$B:$F,5,FALSE)) -> 1860 | AQ43: =VLOOKUP(AN43,struktura!$B:$G,6,FALSE) -> 0.25 | AS43: =IF(AR43=0,0,VLOOKUP(AR43,struktura!$B:$D,3,FALSE)) -> 0 | AT43: =IF(AR43=0,0,AT$1/VLOOKUP(AR43,struktura!$B:$F,5,FALSE)) -> 0 | AU43: =VLOOKUP(AR43,struktura!$B:$G,6,FALSE) -> 0 | AW43: =IF(AV43=0,0,VLOOKUP(AV43,struktura!$B:$D,3,FALSE)) -> 0 | AX43: =IF(AV43=0,0,AX$1/VLOOKUP(AV43,struktura!$B:$F,5,FALSE)) -> 0 | AY43: =VLOOKUP(AV43,struktura!$B:$G,6,FALSE) -> 0 | AZ43: 132110017 | BA43: =IF(AZ43=0,0,VLOOKUP(AZ43,struktura!$B:$D,3,FALSE)) -> BUS Lever | BB43: =IF(AZ43=0,0,BB$1/VLOOKUP(AZ43,struktura!$B:$F,5,FALSE)) -> 6000 | BC43: =VLOOKUP(AZ43,struktura!$B:$G,6,FALSE) -> 0.25 | BD43: 132110017 | BE43: =IF(BD43=0,0,VLOOKUP(BD43,struktura!$B:$D,3,FALSE)) -> BUS Lever | BF43: =IF(BD43=0,0,BF$1/VLOOKUP(BD43,struktura!$B:$F,5,FALSE)) -> 6000 | BG43: =VLOOKUP(BD43,struktura!$B:$G,6,FALSE) -> 0.25 | BH43: 132110017 | BI43: =IF(BH43=0,0,VLOOKUP(BH43,struktura!$B:$D,3,FALSE)) -> BUS Lever | BJ43: =IF(BH43=0,0,BJ$1/VLOOKUP(BH43,struktura!$B:$F,5,FALSE)) -> 6000 | BK43: =VLOOKUP(BH43,struktura!$B:$G,6,FALSE) -> 0.25 | BL43: 132110017 | BM43: =IF(BL43=0,0,VLOOKUP(BL43,struktura!$B:$D,3,FALSE)) -> BUS Lever | BN43: =IF(BL43=0,0,BN$1/VLOOKUP(BL43,struktura!$B:$F,5,FALSE)) -> 6000 | BO43: =VLOOKUP(BL43,struktura!$B:$G,6,FALSE) -> 0.25 | BQ43: =IF(BP43=0,0,VLOOKUP(BP43,struktura!$B:$D,3,FALSE)) -> 0 | BR43: =IF(BP43=0,0,BR$1/VLOOKUP(BP43,struktura!$B:$F,5,FALSE)) -> 0 | BS43: =VLOOKUP(BP43,struktura!$B:$G,6,FALSE) -> 0 | BU43: =IF(BT43=0,0,VLOOKUP(BT43,struktura!$B:$D,3,FALSE)) -> 0 | BV43: =IF(BT43=0,0,BV$1/VLOOKUP(BT43,struktura!$B:$F,5,FALSE)) -> 0 | BW43: =VLOOKUP(BT43,struktura!$B:$G,6,FALSE) -> 0 | BY43: =IF(BX43=0,0,VLOOKUP(BX43,struktura!$B:$D,3,FALSE)) -> 0 | BZ43: =IF(BX43=0,0,BZ$1/VLOOKUP(BX43,struktura!$B:$F,5,FALSE)) -> 0 | CA43: =VLOOKUP(BX43,struktura!$B:$G,6,FALSE) -> 0 | CC43: =IF(CB43=0,0,VLOOKUP(CB43,struktura!$B:$D,3,FALSE)) -> 0 | CD43: =IF(CB43=0,0,CD$1/VLOOKUP(CB43,struktura!$B:$F,5,FALSE)) -> 0 | CE43: =VLOOKUP(CB43,struktura!$B:$G,6,FALSE) -> 0 | CG43: =IF(CF43=0,0,VLOOKUP(CF43,struktura!$B:$D,3,FALSE)) -> 0 | CH43: =IF(CF43=0,0,CH$1/VLOOKUP(CF43,struktura!$B:$F,5,FALSE)) -> 0 | CI43: =VLOOKUP(CF43,struktura!$B:$G,6,FALSE) -> 0 | CJ43: 132100687 | CK43: =IF(CJ43=0,0,VLOOKUP(CJ43,struktura!$B:$D,3,FALSE)) -> LIJAK MLETE KAVE 400 RNA | CL43: =IF(CJ43=0,0,CL$1/VLOOKUP(CJ43,struktura!$B:$F,5,FALSE)) -> 5310 | CM43: =VLOOKUP(CJ43,struktura!$B:$G,6,FALSE) -> 0.25 | CO43: =IF(CN43=0,0,VLOOKUP(CN43,struktura!$B:$D,3,FALSE)) -> 0 | CP43: =IF(CN43=0,0,CP$1/VLOOKUP(CN43,struktura!$B:$F,5,FALSE)) -> 0 | CQ43: =VLOOKUP(CN43,struktura!$B:$G,6,FALSE) -> 0 | CS43: =IF(CR43=0,0,VLOOKUP(CR43,struktura!$B:$D,3,FALSE)) -> 0 | CT43: =IF(CR43=0,0,CT$1/VLOOKUP(CR43,struktura!$B:$F,5,FALSE)) -> 0 | CU43: =VLOOKUP(CR43,struktura!$B:$G,6,FALSE) -> 0 | CW43: =IF(CV43=0,0,VLOOKUP(CV43,struktura!$B:$D,3,FALSE)) -> 0 | CX43: =IF(CV43=0,0,CX$1/VLOOKUP(CV43,struktura!$B:$F,5,FALSE)) -> 0 | CY43: =VLOOKUP(CV43,struktura!$B:$G,6,FALSE) -> 0 | DE43: =IF(DD43=0,0,VLOOKUP(DD43,struktura!$B:$D,3,FALSE)) -> 0 | DF43: =IF(DD43=0,0,DF$1/VLOOKUP(DD43,struktura!$B:$F,5,FALSE)) -> 0 | DG43: =VLOOKUP(DD43,struktura!$B:$G,6,FALSE) -> 0 | DI43: =IF(DH43=0,0,VLOOKUP(DH43,struktura!$B:$D,3,FALSE)) -> 0 | DJ43: =IF(DH43=0,0,DJ$1/VLOOKUP(DH43,struktura!$B:$F,5,FALSE)) -> 0 | DK43: =VLOOKUP(DH43,struktura!$B:$G,6,FALSE) -> 0 | DM43: =IF(DL43=0,0,VLOOKUP(DL43,struktura!$B:$D,3,FALSE)) -> 0 | DN43: =IF(DL43=0,0,DN$1/VLOOKUP(DL43,struktura!$B:$F,5,FALSE)) -> 0 | DO43: =VLOOKUP(DL43,struktura!$B:$G,6,FALSE) -> 0 | DQ43: =IF(DP43=0,0,VLOOKUP(DP43,struktura!$B:$D,3,FALSE)) -> 0 | DR43: =IF(DP43=0,0,DR$1/VLOOKUP(DP43,struktura!$B:$F,5,FALSE)) -> 0 | DS43: =VLOOKUP(DP43,struktura!$B:$G,6,FALSE) -> 0
L44: P250609861 - serija do konca tedna | AB44: menjava popoldan P230401379, serija 8.000 | AR44: do porabe pripravljenega materiala | CJ44: serija 2 dni 11/8
E45: =IF(D45=0,"0",VLOOKUP(D45,struktura!$B:$D,3,FALSE)) -> 0 | F45: =IF(D45=0,"",24/VLOOKUP(D45,struktura!$B:$F,5,FALSE)) | G45: =VLOOKUP(D45,struktura!$B:$G,6,FALSE) -> 0 | I45: 0 | K45: 0 | M45: =IF(L45=0,"0",VLOOKUP(L45,struktura!$B:$D,3,FALSE)) -> 0 | N45: =IF(L45=0,"",24/VLOOKUP(L45,struktura!$B:$F,5,FALSE)) | O45: =VLOOKUP(L45,struktura!$B:$G,6,FALSE) -> 0 | Q45: =IF(P45=0,"0",VLOOKUP(P45,struktura!$B:$D,3,FALSE)) -> 0 | R45: =IF(P45=0,"",24/VLOOKUP(P45,struktura!$B:$F,5,FALSE)) | S45: =VLOOKUP(P45,struktura!$B:$G,6,FALSE) -> 0 | U45: =IF(T45=0,"0",VLOOKUP(T45,struktura!$B:$D,3,FALSE)) -> 0 | V45: =IF(T45=0,"",24/VLOOKUP(T45,struktura!$B:$F,5,FALSE)) | W45: =VLOOKUP(T45,struktura!$B:$G,6,FALSE) -> 0 | Y45: =IF(X45=0,"0",VLOOKUP(X45,struktura!$B:$D,3,FALSE)) -> 0 | Z45: =IF(X45=0,"",24/VLOOKUP(X45,struktura!$B:$F,5,FALSE)) | AA45: =VLOOKUP(X45,struktura!$B:$G,6,FALSE) -> 0 | AC45: =IF(AB45=0,"0",VLOOKUP(AB45,struktura!$B:$D,3,FALSE)) -> 0 | AD45: =IF(AB45=0,"",24/VLOOKUP(AB45,struktura!$B:$F,5,FALSE)) | AE45: =VLOOKUP(AB45,struktura!$B:$G,6,FALSE) -> 0 | AG45: =IF(AF45=0,"0",VLOOKUP(AF45,struktura!$B:$D,3,FALSE)) -> 0 | AH45: =IF(AF45=0,"",24/VLOOKUP(AF45,struktura!$B:$F,5,FALSE)) | AI45: =VLOOKUP(AF45,struktura!$B:$G,6,FALSE) -> 0 | AK45: =IF(AJ45=0,"0",VLOOKUP(AJ45,struktura!$B:$D,3,FALSE)) -> 0 | AL45: =IF(AJ45=0,"",24/VLOOKUP(AJ45,struktura!$B:$F,5,FALSE)) | AM45: =VLOOKUP(AJ45,struktura!$B:$G,6,FALSE) -> 0 | AO45: =IF(AN45=0,"0",VLOOKUP(AN45,struktura!$B:$D,3,FALSE)) -> 0 | AP45: =IF(AN45=0,"",24/VLOOKUP(AN45,struktura!$B:$F,5,FALSE)) | AQ45: =IF(AN45=0,"",VLOOKUP(AN45,struktura!$B:$G,6,FALSE)) | AS45: =IF(AR45=0,"0",VLOOKUP(AR45,struktura!$B:$D,3,FALSE)) -> 0 | AT45: =IF(AR45=0,"",24/VLOOKUP(AR45,struktura!$B:$F,5,FALSE)) | AU45: =VLOOKUP(AR45,struktura!$B:$G,6,FALSE) -> 0 | AW45: =IF(AV45=0,"0",VLOOKUP(AV45,struktura!$B:$D,3,FALSE)) -> 0 | AX45: =IF(AV45=0,"",24/VLOOKUP(AV45,struktura!$B:$F,5,FALSE)) | AY45: =VLOOKUP(AV45,struktura!$B:$G,6,FALSE) -> 0 | BA45: =IF(AZ45=0,"0",VLOOKUP(AZ45,struktura!$B:$D,3,FALSE)) -> 0 | BB45: =IF(AZ45=0,"",24/VLOOKUP(AZ45,struktura!$B:$F,5,FALSE)) | BC45: =VLOOKUP(AZ45,struktura!$B:$G,6,FALSE) -> 0 | BE45: =IF(BD45=0,"0",VLOOKUP(BD45,struktura!$B:$D,3,FALSE)) -> 0 | BF45: =IF(BD45=0,"",24/VLOOKUP(BD45,struktura!$B:$F,5,FALSE)) | BG45: =VLOOKUP(BD45,struktura!$B:$G,6,FALSE) -> 0 | BI45: =IF(BH45=0,"0",VLOOKUP(BH45,struktura!$B:$D,3,FALSE)) -> 0 | BJ45: =IF(BH45=0,"",24/VLOOKUP(BH45,struktura!$B:$F,5,FALSE)) | BK45: =VLOOKUP(BH45,struktura!$B:$G,6,FALSE) -> 0 | BM45: =IF(BL45=0,"0",VLOOKUP(BL45,struktura!$B:$D,3,FALSE)) -> 0 | BN45: =IF(BL45=0,"",24/VLOOKUP(BL45,struktura!$B:$F,5,FALSE)) | BO45: =VLOOKUP(BL45,struktura!$B:$G,6,FALSE) -> 0 | BQ45: =IF(BP45=0,"0",VLOOKUP(BP45,struktura!$B:$D,3,FALSE)) -> 0 | BR45: =IF(BP45=0,"",24/VLOOKUP(BP45,struktura!$B:$F,5,FALSE)) | BS45: =VLOOKUP(BP45,struktura!$B:$G,6,FALSE) -> 0 | BU45: =IF(BT45=0,"0",VLOOKUP(BT45,struktura!$B:$D,3,FALSE)) -> 0 | BV45: =IF(BT45=0,"",24/VLOOKUP(BT45,struktura!$B:$F,5,FALSE)) | BW45: =VLOOKUP(BT45,struktura!$B:$G,6,FALSE) -> 0 | BY45: =IF(BX45=0,"0",VLOOKUP(BX45,struktura!$B:$D,3,FALSE)) -> 0 | BZ45: =IF(BX45=0,"",24/VLOOKUP(BX45,struktura!$B:$F,5,FALSE)) | CA45: =VLOOKUP(BX45,struktura!$B:$G,6,FALSE) -> 0 | CC45: =IF(CB45=0,"0",VLOOKUP(CB45,struktura!$B:$D,3,FALSE)) -> 0 | CD45: =IF(CB45=0,"",24/VLOOKUP(CB45,struktura!$B:$F,5,FALSE)) | CE45: =VLOOKUP(CB45,struktura!$B:$G,6,FALSE) -> 0 | CG45: =IF(CF45=0,"0",VLOOKUP(CF45,struktura!$B:$D,3,FALSE)) -> 0 | CH45: =IF(CF45=0,"",24/VLOOKUP(CF45,struktura!$B:$F,5,FALSE)) | CI45: =VLOOKUP(CF45,struktura!$B:$G,6,FALSE) -> 0 | CK45: =IF(CJ45=0,"0",VLOOKUP(CJ45,struktura!$B:$D,3,FALSE)) -> 0 | CL45: =IF(CJ45=0,"",24/VLOOKUP(CJ45,struktura!$B:$F,5,FALSE)) | CM45: =VLOOKUP(CJ45,struktura!$B:$G,6,FALSE) -> 0 | CO45: =IF(CN45=0,"0",VLOOKUP(CN45,struktura!$B:$D,3,FALSE)) -> 0 | CP45: =IF(CN45=0,"",24/VLOOKUP(CN45,struktura!$B:$F,5,FALSE)) | CQ45: =VLOOKUP(CN45,struktura!$B:$G,6,FALSE) -> 0 | CS45: =IF(CR45=0,"0",VLOOKUP(CR45,struktura!$B:$D,3,FALSE)) -> 0 | CT45: =IF(CR45=0,"",24/VLOOKUP(CR45,struktura!$B:$F,5,FALSE)) | CU45: =VLOOKUP(CR45,struktura!$B:$G,6,FALSE) -> 0 | CW45: =IF(CV45=0,"0",VLOOKUP(CV45,struktura!$B:$D,3,FALSE)) -> 0 | CX45: =IF(CV45=0,"",24/VLOOKUP(CV45,struktura!$B:$F,5,FALSE)) | CY45: =VLOOKUP(CV45,struktura!$B:$G,6,FALSE) -> 0 | DE45: =IF(DD45=0,"0",VLOOKUP(DD45,struktura!$B:$D,3,FALSE)) -> 0 | DF45: =IF(DD45=0,"",24/VLOOKUP(DD45,struktura!$B:$F,5,FALSE)) | DG45: =VLOOKUP(DD45,struktura!$B:$G,6,FALSE) -> 0 | DI45: =IF(DH45=0,"0",VLOOKUP(DH45,struktura!$B:$D,3,FALSE)) -> 0 | DJ45: =IF(DH45=0,"",24/VLOOKUP(DH45,struktura!$B:$F,5,FALSE)) | DK45: =VLOOKUP(DH45,struktura!$B:$G,6,FALSE) -> 0 | DM45: =IF(DL45=0,"0",VLOOKUP(DL45,struktura!$B:$D,3,FALSE)) -> 0 | DN45: =IF(DL45=0,"",24/VLOOKUP(DL45,struktura!$B:$F,5,FALSE)) | DO45: =VLOOKUP(DL45,struktura!$B:$G,6,FALSE) -> 0 | DQ45: =IF(DP45=0,"0",VLOOKUP(DP45,struktura!$B:$D,3,FALSE)) -> 0 | DR45: =IF(DP45=0,"",24/VLOOKUP(DP45,struktura!$B:$F,5,FALSE)) | DS45: =VLOOKUP(DP45,struktura!$B:$G,6,FALSE) -> 0
E47: =IF(D47=0,"0",VLOOKUP(D47,struktura!$B:$D,3,FALSE)) -> 0 | F47: =IF(D47=0,"",24/VLOOKUP(D47,struktura!$B:$F,5,FALSE)) | G47: =VLOOKUP(D47,struktura!$B:$G,6,FALSE) -> 0 | I47: 0 | K47: 0 | M47: =IF(L47=0,"0",VLOOKUP(L47,struktura!$B:$D,3,FALSE)) -> 0 | N47: =IF(L47=0,"",24/VLOOKUP(L47,struktura!$B:$F,5,FALSE)) | O47: =VLOOKUP(L47,struktura!$B:$G,6,FALSE) -> 0 | Q47: =IF(P47=0,"0",VLOOKUP(P47,struktura!$B:$D,3,FALSE)) -> 0 | R47: =IF(P47=0,"",24/VLOOKUP(P47,struktura!$B:$F,5,FALSE)) | S47: =VLOOKUP(P47,struktura!$B:$G,6,FALSE) -> 0 | U47: =IF(T47=0,"0",VLOOKUP(T47,struktura!$B:$D,3,FALSE)) -> 0 | V47: =IF(T47=0,"",24/VLOOKUP(T47,struktura!$B:$F,5,FALSE)) | W47: =VLOOKUP(T47,struktura!$B:$G,6,FALSE) -> 0 | Y47: =IF(X47=0,"0",VLOOKUP(X47,struktura!$B:$D,3,FALSE)) -> 0 | Z47: =IF(X47=0,"",24/VLOOKUP(X47,struktura!$B:$F,5,FALSE)) | AA47: =VLOOKUP(X47,struktura!$B:$G,6,FALSE) -> 0 | AC47: =IF(AB47=0,"0",VLOOKUP(AB47,struktura!$B:$D,3,FALSE)) -> 0 | AD47: =IF(AB47=0,"",24/VLOOKUP(AB47,struktura!$B:$F,5,FALSE)) | AE47: =VLOOKUP(AB47,struktura!$B:$G,6,FALSE) -> 0 | AG47: =IF(AF47=0,"0",VLOOKUP(AF47,struktura!$B:$D,3,FALSE)) -> 0 | AH47: =IF(AF47=0,"",24/VLOOKUP(AF47,struktura!$B:$F,5,FALSE)) | AI47: =VLOOKUP(AF47,struktura!$B:$G,6,FALSE) -> 0 | AK47: =IF(AJ47=0,"0",VLOOKUP(AJ47,struktura!$B:$D,3,FALSE)) -> 0 | AL47: =IF(AJ47=0,"",24/VLOOKUP(AJ47,struktura!$B:$F,5,FALSE)) | AM47: =VLOOKUP(AJ47,struktura!$B:$G,6,FALSE) -> 0 | AO47: =IF(AN47=0,"0",VLOOKUP(AN47,struktura!$B:$D,3,FALSE)) -> 0 | AP47: =IF(AN47=0,"",24/VLOOKUP(AN47,struktura!$B:$F,5,FALSE)) | AQ47: =IF(AN47=0,"",VLOOKUP(AN47,struktura!$B:$G,6,FALSE)) | AS47: =IF(AR47=0,"0",VLOOKUP(AR47,struktura!$B:$D,3,FALSE)) -> 0 | AT47: =IF(AR47=0,"",24/VLOOKUP(AR47,struktura!$B:$F,5,FALSE)) | AU47: =VLOOKUP(AR47,struktura!$B:$G,6,FALSE) -> 0 | AW47: =IF(AV47=0,"0",VLOOKUP(AV47,struktura!$B:$D,3,FALSE)) -> 0 | AX47: =IF(AV47=0,"",24/VLOOKUP(AV47,struktura!$B:$F,5,FALSE)) | AY47: =VLOOKUP(AV47,struktura!$B:$G,6,FALSE) -> 0 | BA47: =IF(AZ47=0,"0",VLOOKUP(AZ47,struktura!$B:$D,3,FALSE)) -> 0 | BB47: =IF(AZ47=0,"",24/VLOOKUP(AZ47,struktura!$B:$F,5,FALSE)) | BC47: =VLOOKUP(AZ47,struktura!$B:$G,6,FALSE) -> 0 | BE47: =IF(BD47=0,"0",VLOOKUP(BD47,struktura!$B:$D,3,FALSE)) -> 0 | BF47: =IF(BD47=0,"",24/VLOOKUP(BD47,struktura!$B:$F,5,FALSE)) | BG47: =VLOOKUP(BD47,struktura!$B:$G,6,FALSE) -> 0 | BI47: =IF(BH47=0,"0",VLOOKUP(BH47,struktura!$B:$D,3,FALSE)) -> 0 | BJ47: =IF(BH47=0,"",24/VLOOKUP(BH47,struktura!$B:$F,5,FALSE)) | BK47: =VLOOKUP(BH47,struktura!$B:$G,6,FALSE) -> 0 | BM47: =IF(BL47=0,"0",VLOOKUP(BL47,struktura!$B:$D,3,FALSE)) -> 0 | BN47: =IF(BL47=0,"",24/VLOOKUP(BL47,struktura!$B:$F,5,FALSE)) | BO47: =VLOOKUP(BL47,struktura!$B:$G,6,FALSE) -> 0 | BQ47: =IF(BP47=0,"0",VLOOKUP(BP47,struktura!$B:$D,3,FALSE)) -> 0 | BR47: =IF(BP47=0,"",24/VLOOKUP(BP47,struktura!$B:$F,5,FALSE)) | BS47: =VLOOKUP(BP47,struktura!$B:$G,6,FALSE) -> 0 | BU47: =IF(BT47=0,"0",VLOOKUP(BT47,struktura!$B:$D,3,FALSE)) -> 0 | BV47: =IF(BT47=0,"",24/VLOOKUP(BT47,struktura!$B:$F,5,FALSE)) | BW47: =VLOOKUP(BT47,struktura!$B:$G,6,FALSE) -> 0 | BY47: =IF(BX47=0,"0",VLOOKUP(BX47,struktura!$B:$D,3,FALSE)) -> 0 | BZ47: =IF(BX47=0,"",24/VLOOKUP(BX47,struktura!$B:$F,5,FALSE)) | CA47: =VLOOKUP(BX47,struktura!$B:$G,6,FALSE) -> 0 | CC47: =IF(CB47=0,"0",VLOOKUP(CB47,struktura!$B:$D,3,FALSE)) -> 0 | CD47: =IF(CB47=0,"",24/VLOOKUP(CB47,struktura!$B:$F,5,FALSE)) | CE47: =VLOOKUP(CB47,struktura!$B:$G,6,FALSE) -> 0 | CG47: =IF(CF47=0,"0",VLOOKUP(CF47,struktura!$B:$D,3,FALSE)) -> 0 | CH47: =IF(CF47=0,"",24/VLOOKUP(CF47,struktura!$B:$F,5,FALSE)) | CI47: =VLOOKUP(CF47,struktura!$B:$G,6,FALSE) -> 0 | CK47: =IF(CJ47=0,"0",VLOOKUP(CJ47,struktura!$B:$D,3,FALSE)) -> 0 | CL47: =IF(CJ47=0,"",24/VLOOKUP(CJ47,struktura!$B:$F,5,FALSE)) | CM47: =VLOOKUP(CJ47,struktura!$B:$G,6,FALSE) -> 0 | CO47: =IF(CN47=0,"0",VLOOKUP(CN47,struktura!$B:$D,3,FALSE)) -> 0 | CP47: =IF(CN47=0,"",24/VLOOKUP(CN47,struktura!$B:$F,5,FALSE)) | CQ47: =VLOOKUP(CN47,struktura!$B:$G,6,FALSE) -> 0 | CS47: =IF(CR47=0,"0",VLOOKUP(CR47,struktura!$B:$D,3,FALSE)) -> 0 | CT47: =IF(CR47=0,"",24/VLOOKUP(CR47,struktura!$B:$F,5,FALSE)) | CU47: =VLOOKUP(CR47,struktura!$B:$G,6,FALSE) -> 0 | CW47: =IF(CV47=0,"0",VLOOKUP(CV47,struktura!$B:$D,3,FALSE)) -> 0 | CX47: =IF(CV47=0,"",24/VLOOKUP(CV47,struktura!$B:$F,5,FALSE)) | CY47: =VLOOKUP(CV47,struktura!$B:$G,6,FALSE) -> 0 | DE47: =IF(DD47=0,"0",VLOOKUP(DD47,struktura!$B:$D,3,FALSE)) -> 0 | DF47: =IF(DD47=0,"",24/VLOOKUP(DD47,struktura!$B:$F,5,FALSE)) | DG47: =VLOOKUP(DD47,struktura!$B:$G,6,FALSE) -> 0 | DI47: =IF(DH47=0,"0",VLOOKUP(DH47,struktura!$B:$D,3,FALSE)) -> 0 | DJ47: =IF(DH47=0,"",24/VLOOKUP(DH47,struktura!$B:$F,5,FALSE)) | DK47: =VLOOKUP(DH47,struktura!$B:$G,6,FALSE) -> 0 | DM47: =IF(DL47=0,"0",VLOOKUP(DL47,struktura!$B:$D,3,FALSE)) -> 0 | DN47: =IF(DL47=0,"",24/VLOOKUP(DL47,struktura!$B:$F,5,FALSE)) | DO47: =VLOOKUP(DL47,struktura!$B:$G,6,FALSE) -> 0 | DQ47: =IF(DP47=0,"0",VLOOKUP(DP47,struktura!$B:$D,3,FALSE)) -> 0 | DR47: =IF(DP47=0,"",24/VLOOKUP(DP47,struktura!$B:$F,5,FALSE)) | DS47: =VLOOKUP(DP47,struktura!$B:$G,6,FALSE) -> 0
E49: =IF(D49=0,"0",VLOOKUP(D49,struktura!$B:$D,3,FALSE)) -> 0 | F49: =IF(D49=0,"",24/VLOOKUP(D49,struktura!$B:$F,5,FALSE)) | G49: =VLOOKUP(D49,struktura!$B:$G,6,FALSE) -> 0 | I49: 0 | K49: 0 | M49: =IF(L49=0,"0",VLOOKUP(L49,struktura!$B:$D,3,FALSE)) -> 0 | N49: =IF(L49=0,"",24/VLOOKUP(L49,struktura!$B:$F,5,FALSE)) | O49: =VLOOKUP(L49,struktura!$B:$G,6,FALSE) -> 0 | Q49: =IF(P49=0,"0",VLOOKUP(P49,struktura!$B:$D,3,FALSE)) -> 0 | R49: =IF(P49=0,"",24/VLOOKUP(P49,struktura!$B:$F,5,FALSE)) | S49: =VLOOKUP(P49,struktura!$B:$G,6,FALSE) -> 0 | U49: =IF(T49=0,"0",VLOOKUP(T49,struktura!$B:$D,3,FALSE)) -> 0 | V49: =IF(T49=0,"",24/VLOOKUP(T49,struktura!$B:$F,5,FALSE)) | W49: =VLOOKUP(T49,struktura!$B:$G,6,FALSE) -> 0 | Y49: =IF(X49=0,"0",VLOOKUP(X49,struktura!$B:$D,3,FALSE)) -> 0 | Z49: =IF(X49=0,"",24/VLOOKUP(X49,struktura!$B:$F,5,FALSE)) | AA49: =VLOOKUP(X49,struktura!$B:$G,6,FALSE) -> 0 | AC49: =IF(AB49=0,"0",VLOOKUP(AB49,struktura!$B:$D,3,FALSE)) -> 0 | AD49: =IF(AB49=0,"",24/VLOOKUP(AB49,struktura!$B:$F,5,FALSE)) | AE49: =VLOOKUP(AB49,struktura!$B:$G,6,FALSE) -> 0 | AG49: =IF(AF49=0,"0",VLOOKUP(AF49,struktura!$B:$D,3,FALSE)) -> 0 | AH49: =IF(AF49=0,"",24/VLOOKUP(AF49,struktura!$B:$F,5,FALSE)) | AI49: =VLOOKUP(AF49,struktura!$B:$G,6,FALSE) -> 0 | AK49: =IF(AJ49=0,"0",VLOOKUP(AJ49,struktura!$B:$D,3,FALSE)) -> 0 | AL49: =IF(AJ49=0,"",24/VLOOKUP(AJ49,struktura!$B:$F,5,FALSE)) | AM49: =VLOOKUP(AJ49,struktura!$B:$G,6,FALSE) -> 0 | AO49: =IF(AN49=0,"0",VLOOKUP(AN49,struktura!$B:$D,3,FALSE)) -> 0 | AP49: =IF(AN49=0,"",24/VLOOKUP(AN49,struktura!$B:$F,5,FALSE)) | AQ49: =IF(AN49=0,"",VLOOKUP(AN49,struktura!$B:$G,6,FALSE)) | AS49: =IF(AR49=0,"0",VLOOKUP(AR49,struktura!$B:$D,3,FALSE)) -> 0 | AT49: =IF(AR49=0,"",24/VLOOKUP(AR49,struktura!$B:$F,5,FALSE)) | AU49: =VLOOKUP(AR49,struktura!$B:$G,6,FALSE) -> 0 | AW49: =IF(AV49=0,"0",VLOOKUP(AV49,struktura!$B:$D,3,FALSE)) -> 0 | AX49: =IF(AV49=0,"",24/VLOOKUP(AV49,struktura!$B:$F,5,FALSE)) | AY49: =VLOOKUP(AV49,struktura!$B:$G,6,FALSE) -> 0 | BA49: =IF(AZ49=0,"0",VLOOKUP(AZ49,struktura!$B:$D,3,FALSE)) -> 0 | BB49: =IF(AZ49=0,"",24/VLOOKUP(AZ49,struktura!$B:$F,5,FALSE)) | BC49: =VLOOKUP(AZ49,struktura!$B:$G,6,FALSE) -> 0 | BE49: =IF(BD49=0,"0",VLOOKUP(BD49,struktura!$B:$D,3,FALSE)) -> 0 | BF49: =IF(BD49=0,"",24/VLOOKUP(BD49,struktura!$B:$F,5,FALSE)) | BG49: =VLOOKUP(BD49,struktura!$B:$G,6,FALSE) -> 0 | BI49: =IF(BH49=0,"0",VLOOKUP(BH49,struktura!$B:$D,3,FALSE)) -> 0 | BJ49: =IF(BH49=0,"",24/VLOOKUP(BH49,struktura!$B:$F,5,FALSE)) | BK49: =VLOOKUP(BH49,struktura!$B:$G,6,FALSE) -> 0 | BM49: =IF(BL49=0,"0",VLOOKUP(BL49,struktura!$B:$D,3,FALSE)) -> 0 | BN49: =IF(BL49=0,"",24/VLOOKUP(BL49,struktura!$B:$F,5,FALSE)) | BO49: =VLOOKUP(BL49,struktura!$B:$G,6,FALSE) -> 0 | BQ49: =IF(BP49=0,"0",VLOOKUP(BP49,struktura!$B:$D,3,FALSE)) -> 0 | BR49: =IF(BP49=0,"",24/VLOOKUP(BP49,struktura!$B:$F,5,FALSE)) | BS49: =VLOOKUP(BP49,struktura!$B:$G,6,FALSE) -> 0 | BU49: =IF(BT49=0,"0",VLOOKUP(BT49,struktura!$B:$D,3,FALSE)) -> 0 | BV49: =IF(BT49=0,"",24/VLOOKUP(BT49,struktura!$B:$F,5,FALSE)) | BW49: =VLOOKUP(BT49,struktura!$B:$G,6,FALSE) -> 0 | BY49: =IF(BX49=0,"0",VLOOKUP(BX49,struktura!$B:$D,3,FALSE)) -> 0 | BZ49: =IF(BX49=0,"",24/VLOOKUP(BX49,struktura!$B:$F,5,FALSE)) | CA49: =VLOOKUP(BX49,struktura!$B:$G,6,FALSE) -> 0 | CC49: =IF(CB49=0,"0",VLOOKUP(CB49,struktura!$B:$D,3,FALSE)) -> 0 | CD49: =IF(CB49=0,"",24/VLOOKUP(CB49,struktura!$B:$F,5,FALSE)) | CE49: =VLOOKUP(CB49,struktura!$B:$G,6,FALSE) -> 0 | CG49: =IF(CF49=0,"0",VLOOKUP(CF49,struktura!$B:$D,3,FALSE)) -> 0 | CH49: =IF(CF49=0,"",24/VLOOKUP(CF49,struktura!$B:$F,5,FALSE)) | CI49: =VLOOKUP(CF49,struktura!$B:$G,6,FALSE) -> 0 | CK49: =IF(CJ49=0,"0",VLOOKUP(CJ49,struktura!$B:$D,3,FALSE)) -> 0 | CL49: =IF(CJ49=0,"",24/VLOOKUP(CJ49,struktura!$B:$F,5,FALSE)) | CM49: =VLOOKUP(CJ49,struktura!$B:$G,6,FALSE) -> 0 | CO49: =IF(CN49=0,"0",VLOOKUP(CN49,struktura!$B:$D,3,FALSE)) -> 0 | CP49: =IF(CN49=0,"",24/VLOOKUP(CN49,struktura!$B:$F,5,FALSE)) | CQ49: =VLOOKUP(CN49,struktura!$B:$G,6,FALSE) -> 0 | CS49: =IF(CR49=0,"0",VLOOKUP(CR49,struktura!$B:$D,3,FALSE)) -> 0 | CT49: =IF(CR49=0,"",24/VLOOKUP(CR49,struktura!$B:$F,5,FALSE)) | CU49: =VLOOKUP(CR49,struktura!$B:$G,6,FALSE) -> 0 | CW49: =IF(CV49=0,"0",VLOOKUP(CV49,struktura!$B:$D,3,FALSE)) -> 0 | CX49: =IF(CV49=0,"",24/VLOOKUP(CV49,struktura!$B:$F,5,FALSE)) | CY49: =VLOOKUP(CV49,struktura!$B:$G,6,FALSE) -> 0 | DE49: =IF(DD49=0,"0",VLOOKUP(DD49,struktura!$B:$D,3,FALSE)) -> 0 | DF49: =IF(DD49=0,"",24/VLOOKUP(DD49,struktura!$B:$F,5,FALSE)) | DG49: =VLOOKUP(DD49,struktura!$B:$G,6,FALSE) -> 0 | DI49: =IF(DH49=0,"0",VLOOKUP(DH49,struktura!$B:$D,3,FALSE)) -> 0 | DJ49: =IF(DH49=0,"",24/VLOOKUP(DH49,struktura!$B:$F,5,FALSE)) | DK49: =VLOOKUP(DH49,struktura!$B:$G,6,FALSE) -> 0 | DM49: =IF(DL49=0,"0",VLOOKUP(DL49,struktura!$B:$D,3,FALSE)) -> 0 | DN49: =IF(DL49=0,"",24/VLOOKUP(DL49,struktura!$B:$F,5,FALSE)) | DO49: =VLOOKUP(DL49,struktura!$B:$G,6,FALSE) -> 0 | DQ49: =IF(DP49=0,"0",VLOOKUP(DP49,struktura!$B:$D,3,FALSE)) -> 0 | DR49: =IF(DP49=0,"",24/VLOOKUP(DP49,struktura!$B:$F,5,FALSE)) | DS49: =VLOOKUP(DP49,struktura!$B:$G,6,FALSE) -> 0
E51: =IF(D51=0,"0",VLOOKUP(D51,struktura!$B:$D,3,FALSE)) -> 0 | F51: =IF(D51=0,"",24/VLOOKUP(D51,struktura!$B:$F,5,FALSE)) | G51: =VLOOKUP(D51,struktura!$B:$G,6,FALSE) -> 0 | I51: 0 | K51: 0 | M51: =IF(L51=0,"0",VLOOKUP(L51,struktura!$B:$D,3,FALSE)) -> 0 | N51: =IF(L51=0,"",24/VLOOKUP(L51,struktura!$B:$F,5,FALSE)) | O51: =VLOOKUP(L51,struktura!$B:$G,6,FALSE) -> 0 | Q51: =IF(P51=0,"0",VLOOKUP(P51,struktura!$B:$D,3,FALSE)) -> 0 | R51: =IF(P51=0,"",24/VLOOKUP(P51,struktura!$B:$F,5,FALSE)) | S51: =VLOOKUP(P51,struktura!$B:$G,6,FALSE) -> 0 | U51: =IF(T51=0,"0",VLOOKUP(T51,struktura!$B:$D,3,FALSE)) -> 0 | V51: =IF(T51=0,"",24/VLOOKUP(T51,struktura!$B:$F,5,FALSE)) | W51: =VLOOKUP(T51,struktura!$B:$G,6,FALSE) -> 0 | Y51: =IF(X51=0,"0",VLOOKUP(X51,struktura!$B:$D,3,FALSE)) -> 0 | Z51: =IF(X51=0,"",24/VLOOKUP(X51,struktura!$B:$F,5,FALSE)) | AA51: =VLOOKUP(X51,struktura!$B:$G,6,FALSE) -> 0 | AC51: =IF(AB51=0,"0",VLOOKUP(AB51,struktura!$B:$D,3,FALSE)) -> 0 | AD51: =IF(AB51=0,"",24/VLOOKUP(AB51,struktura!$B:$F,5,FALSE)) | AE51: =VLOOKUP(AB51,struktura!$B:$G,6,FALSE) -> 0 | AG51: =IF(AF51=0,"0",VLOOKUP(AF51,struktura!$B:$D,3,FALSE)) -> 0 | AH51: =IF(AF51=0,"",24/VLOOKUP(AF51,struktura!$B:$F,5,FALSE)) | AI51: =VLOOKUP(AF51,struktura!$B:$G,6,FALSE) -> 0 | AK51: =IF(AJ51=0,"0",VLOOKUP(AJ51,struktura!$B:$D,3,FALSE)) -> 0 | AL51: =IF(AJ51=0,"",24/VLOOKUP(AJ51,struktura!$B:$F,5,FALSE)) | AM51: =VLOOKUP(AJ51,struktura!$B:$G,6,FALSE) -> 0 | AO51: =IF(AN51=0,"0",VLOOKUP(AN51,struktura!$B:$D,3,FALSE)) -> 0 | AP51: =IF(AN51=0,"",24/VLOOKUP(AN51,struktura!$B:$F,5,FALSE)) | AQ51: =IF(AN51=0,"",VLOOKUP(AN51,struktura!$B:$G,6,FALSE)) | AS51: =IF(AR51=0,"0",VLOOKUP(AR51,struktura!$B:$D,3,FALSE)) -> 0 | AT51: =IF(AR51=0,"",24/VLOOKUP(AR51,struktura!$B:$F,5,FALSE)) | AU51: =VLOOKUP(AR51,struktura!$B:$G,6,FALSE) -> 0 | AW51: =IF(AV51=0,"0",VLOOKUP(AV51,struktura!$B:$D,3,FALSE)) -> 0 | AX51: =IF(AV51=0,"",24/VLOOKUP(AV51,struktura!$B:$F,5,FALSE)) | AY51: =VLOOKUP(AV51,struktura!$B:$G,6,FALSE) -> 0 | BA51: =IF(AZ51=0,"0",VLOOKUP(AZ51,struktura!$B:$D,3,FALSE)) -> 0 | BB51: =IF(AZ51=0,"",24/VLOOKUP(AZ51,struktura!$B:$F,5,FALSE)) | BC51: =VLOOKUP(AZ51,struktura!$B:$G,6,FALSE) -> 0 | BE51: =IF(BD51=0,"0",VLOOKUP(BD51,struktura!$B:$D,3,FALSE)) -> 0 | BF51: =IF(BD51=0,"",24/VLOOKUP(BD51,struktura!$B:$F,5,FALSE)) | BG51: =VLOOKUP(BD51,struktura!$B:$G,6,FALSE) -> 0 | BI51: =IF(BH51=0,"0",VLOOKUP(BH51,struktura!$B:$D,3,FALSE)) -> 0 | BJ51: =IF(BH51=0,"",24/VLOOKUP(BH51,struktura!$B:$F,5,FALSE)) | BK51: =VLOOKUP(BH51,struktura!$B:$G,6,FALSE) -> 0 | BM51: =IF(BL51=0,"0",VLOOKUP(BL51,struktura!$B:$D,3,FALSE)) -> 0 | BN51: =IF(BL51=0,"",24/VLOOKUP(BL51,struktura!$B:$F,5,FALSE)) | BO51: =VLOOKUP(BL51,struktura!$B:$G,6,FALSE) -> 0 | BQ51: =IF(BP51=0,"0",VLOOKUP(BP51,struktura!$B:$D,3,FALSE)) -> 0 | BR51: =IF(BP51=0,"",24/VLOOKUP(BP51,struktura!$B:$F,5,FALSE)) | BS51: =VLOOKUP(BP51,struktura!$B:$G,6,FALSE) -> 0 | BU51: =IF(BT51=0,"0",VLOOKUP(BT51,struktura!$B:$D,3,FALSE)) -> 0 | BV51: =IF(BT51=0,"",24/VLOOKUP(BT51,struktura!$B:$F,5,FALSE)) | BW51: =VLOOKUP(BT51,struktura!$B:$G,6,FALSE) -> 0 | BY51: =IF(BX51=0,"0",VLOOKUP(BX51,struktura!$B:$D,3,FALSE)) -> 0 | BZ51: =IF(BX51=0,"",24/VLOOKUP(BX51,struktura!$B:$F,5,FALSE)) | CA51: =VLOOKUP(BX51,struktura!$B:$G,6,FALSE) -> 0 | CC51: =IF(CB51=0,"0",VLOOKUP(CB51,struktura!$B:$D,3,FALSE)) -> 0 | CD51: =IF(CB51=0,"",24/VLOOKUP(CB51,struktura!$B:$F,5,FALSE)) | CE51: =VLOOKUP(CB51,struktura!$B:$G,6,FALSE) -> 0 | CG51: =IF(CF51=0,"0",VLOOKUP(CF51,struktura!$B:$D,3,FALSE)) -> 0 | CH51: =IF(CF51=0,"",24/VLOOKUP(CF51,struktura!$B:$F,5,FALSE)) | CI51: =VLOOKUP(CF51,struktura!$B:$G,6,FALSE) -> 0 | CK51: =IF(CJ51=0,"0",VLOOKUP(CJ51,struktura!$B:$D,3,FALSE)) -> 0 | CL51: =IF(CJ51=0,"",24/VLOOKUP(CJ51,struktura!$B:$F,5,FALSE)) | CM51: =VLOOKUP(CJ51,struktura!$B:$G,6,FALSE) -> 0 | CO51: =IF(CN51=0,"0",VLOOKUP(CN51,struktura!$B:$D,3,FALSE)) -> 0 | CP51: =IF(CN51=0,"",24/VLOOKUP(CN51,struktura!$B:$F,5,FALSE)) | CQ51: =VLOOKUP(CN51,struktura!$B:$G,6,FALSE) -> 0 | CS51: =IF(CR51=0,"0",VLOOKUP(CR51,struktura!$B:$D,3,FALSE)) -> 0 | CT51: =IF(CR51=0,"",24/VLOOKUP(CR51,struktura!$B:$F,5,FALSE)) | CU51: =VLOOKUP(CR51,struktura!$B:$G,6,FALSE) -> 0 | CW51: =IF(CV51=0,"0",VLOOKUP(CV51,struktura!$B:$D,3,FALSE)) -> 0 | CX51: =IF(CV51=0,"",24/VLOOKUP(CV51,struktura!$B:$F,5,FALSE)) | CY51: =VLOOKUP(CV51,struktura!$B:$G,6,FALSE) -> 0 | DE51: =IF(DD51=0,"0",VLOOKUP(DD51,struktura!$B:$D,3,FALSE)) -> 0 | DF51: =IF(DD51=0,"",24/VLOOKUP(DD51,struktura!$B:$F,5,FALSE)) | DG51: =VLOOKUP(DD51,struktura!$B:$G,6,FALSE) -> 0 | DI51: =IF(DH51=0,"0",VLOOKUP(DH51,struktura!$B:$D,3,FALSE)) -> 0 | DJ51: =IF(DH51=0,"",24/VLOOKUP(DH51,struktura!$B:$F,5,FALSE)) | DK51: =VLOOKUP(DH51,struktura!$B:$G,6,FALSE) -> 0 | DM51: =IF(DL51=0,"0",VLOOKUP(DL51,struktura!$B:$D,3,FALSE)) -> 0 | DN51: =IF(DL51=0,"",24/VLOOKUP(DL51,struktura!$B:$F,5,FALSE)) | DO51: =VLOOKUP(DL51,struktura!$B:$G,6,FALSE) -> 0 | DQ51: =IF(DP51=0,"0",VLOOKUP(DP51,struktura!$B:$D,3,FALSE)) -> 0 | DR51: =IF(DP51=0,"",24/VLOOKUP(DP51,struktura!$B:$F,5,FALSE)) | DS51: =VLOOKUP(DP51,struktura!$B:$G,6,FALSE) -> 0
B54: plan: Holcer B.
C55: =NOW() -> 45882.609
D62: datum | E62: =D4 -> 0 | H62: datum | I62: =H4 -> 45873 | L62: datum | M62: =L4 -> 45874 | P62: datum | Q62: =P4 -> 45875 | T62: datum | U62: =T4 -> 45876 | X62: datum | Y62: =X4 -> 45877 | AB62: datum | AC62: =AB4 -> 45880 | AF62: datum | AG62: =AF4 -> 45881 | AJ62: datum | AK62: =AJ4 -> 45882 | AN62: datum | AO62: =AN4 -> 45883 | AR62: datum | AS62: =AR4 -> 45887 | AV62: datum | AW62: =AV4 -> 45888 | AZ62: datum | BA62: =AZ4 -> 45889 | BD62: datum | BE62: =BD4 -> 45890 | BH62: datum | BI62: =BH4 -> 45891 | BL62: datum | BM62: =BL4 -> 45894 | BP62: datum | BQ62: =BP4 -> 45895 | BT62: datum | BU62: =BT4 -> 45896 | BX62: datum | BY62: =BX4 -> 45897 | CB62: datum | CC62: =CB4 -> 45898 | CF62: datum | CG62: =CF4 -> 45901 | CJ62: datum | CK62: =CJ4 -> 45902 | CN62: datum | CO62: =CN4 -> 45903 | CR62: datum | CS62: =CR4 -> 45904 | CV62: datum | CW62: =CV4 -> 45905 | CZ62: datum | DA62: =CZ4 -> 45908 | DD62: datum | DE62: =DD4 -> 45909 | DH62: datum | DI62: =DH4 -> 45910 | DL62: datum | DM62: =DL4 -> 45911 | DP62: datum | DQ62: =DP4 -> 45912
D63: količina kos | E63: =SUM(F9:F52) -> 0 | H63: količina kos | I63: =SUM(J9:J52) -> 25927.867 | L63: količina kos | M63: =SUM(N9:N52) -> 108029.31 | P63: količina kos | Q63: =SUM(R9:R52) -> 111803.31 | T63: količina kos | U63: =SUM(V9:V52) -> 117907.97 | X63: količina kos | Y63: =SUM(Z9:Z52) -> 111261 | AB63: količina kos | AC63: =SUM(AD9:AD52) -> 28766.292 | AF63: količina kos | AG63: =SUM(AH9:AH52) -> 30636.422 | AJ63: količina kos | AK63: =SUM(AL9:AL52) -> 30636.422 | AN63: količina kos | AO63: =SUM(AP9:AP52) -> 30482.216 | AR63: količina kos | AS63: =SUM(AT9:AT52) -> 22112.298 | AV63: količina kos | AW63: =SUM(AX9:AX52) -> 22420.938 | AZ63: količina kos | BA63: =SUM(BB9:BB52) -> 30526.808 | BD63: količina kos | BE63: =SUM(BF9:BF52) -> 32177.927 | BH63: količina kos | BI63: =SUM(BJ9:BJ52) -> 32177.927 | BL63: količina kos | BM63: =SUM(BN9:BN52) -> 33090.262 | BP63: količina kos | BQ63: =SUM(BR9:BR52) -> 18317.514 | BT63: količina kos | BU63: =SUM(BV9:BV52) -> 24077.514 | BX63: količina kos | BY63: =SUM(BZ9:BZ52) -> 24040.395 | CB63: količina kos | CC63: =SUM(CD9:CD52) -> 21630 | CF63: količina kos | CG63: =SUM(CH9:CH52) -> 17800.435 | CJ63: količina kos | CK63: =SUM(CL9:CL52) -> 17791.791 | CN63: količina kos | CO63: =SUM(CP9:CP52) -> 16231.791 | CR63: količina kos | CS63: =SUM(CT9:CT52) -> 8470.4348 | CV63: količina kos | CW63: =SUM(CX9:CX52) -> 6880.4348 | CZ63: količina kos | DA63: =SUM(DB9:DB52) -> 0 | DD63: količina kos | DE63: =SUM(DF9:DF52) -> 0 | DH63: količina kos | DI63: =SUM(DJ9:DJ52) -> 0 | DL63: količina kos | DM63: =SUM(DN9:DN52) -> 0 | DP63: količina kos | DQ63: =SUM(DR9:DR52) -> 0
D64: vrednost kos | E64: =SUM(F72:F115) -> 0 | H64: vrednost kos | I64: =SUM(J72:J115) -> 16563.344 | L64: vrednost kos | M64: =SUM(N72:N115) -> 18286.979 | P64: vrednost kos | Q64: =SUM(R72:R115) -> 17011.979 | T64: vrednost kos | U64: =SUM(V72:V115) -> 19377.173 | X64: vrednost kos | Y64: =SUM(Z72:Z115) -> 18766.199 | AB64: vrednost kos | AC64: =SUM(AD72:AD115) -> 15584.756 | AF64: vrednost kos | AG64: =SUM(AH72:AH115) -> 14199.475 | AJ64: vrednost kos | AK64: =SUM(AL72:AL115) -> 14199.475 | AN64: vrednost kos | AO64: =SUM(AP72:AP115) -> 13872.109 | AR64: vrednost kos | AS64: =SUM(AT72:AT115) -> 14044.702 | AV64: vrednost kos | AW64: =SUM(AX72:AX115) -> 11480.647 | AZ64: vrednost kos | BA64: =SUM(BB72:BB115) -> 12277.79 | BD64: vrednost kos | BE64: =SUM(BF72:BF115) -> 15092.705 | BH64: vrednost kos | BI64: =SUM(BJ72:BJ115) -> 15092.705 | BL64: vrednost kos | BM64: =SUM(BN72:BN115) -> 9695.6981 | BP64: vrednost kos | BQ64: =SUM(BR72:BR115) -> 6488.9056 | BT64: vrednost kos | BU64: =SUM(BV72:BV115) -> 6834.5056 | BX64: vrednost kos | BY64: =SUM(BZ72:BZ115) -> 7549.3903 | CB64: vrednost kos | CC64: =SUM(CD72:CD115) -> 7237.8 | CF64: vrednost kos | CG64: =SUM(CH72:CH115) -> 9399.9391 | CJ64: vrednost kos | CK64: =SUM(CL72:CL115) -> 9570.7917 | CN64: vrednost kos | CO64: =SUM(CP72:CP115) -> 11974.092 | CR64: vrednost kos | CS64: =SUM(CT72:CT115) -> 8026.5391 | CV64: vrednost kos | CW64: =SUM(CX72:CX115) -> 4496.7391 | CZ64: vrednost kos | DA64: =SUM(DB72:DB115) -> 0 | DD64: vrednost kos | DE64: =SUM(DF72:DF115) -> 0 | DH64: vrednost kos | DI64: =SUM(DJ72:DJ115) -> 0 | DL64: vrednost kos | DM64: =SUM(DN72:DN115) -> 0 | DP64: vrednost kos | DQ64: =SUM(DR72:DR115) -> 0
D65: povprečno posl | E65: =G6 -> 0 | H65: povprečno posl | I65: =K6 -> 3.75 | L65: povprečno posl | M65: =O6 -> 4.5 | P65: povprečno posl | Q65: =S6 -> 4.5 | T65: povprečno posl | U65: =W6 -> 4.5 | X65: povprečno posl | Y65: =AA6 -> 4.25 | AB65: povprečno posl | AC65: =AE6 -> 4.5 | AF65: povprečno posl | AG65: =AI6 -> 4.75 | AJ65: povprečno posl | AK65: =AM6 -> 4.75 | AN65: povprečno posl | AO65: =AQ6 -> 4.25 | AR65: povprečno posl | AS65: =AU6 -> 3.5 | AV65: povprečno posl | AW65: =AY6 -> 2 | AZ65: povprečno posl | BA65: =BC6 -> 2.5 | BD65: povprečno posl | BE65: =BG6 -> 3.5 | BH65: povprečno posl | BI65: =BK6 -> 3.5 | BL65: povprečno posl | BM65: =BO6 -> 2.5 | BP65: povprečno posl | BQ65: =BS6 -> 2.25 | BT65: povprečno posl | BU65: =BW6 -> 2.5 | BX65: povprečno posl | BY65: =CA6 -> 3 | CB65: povprečno posl | CC65: =CE6 -> 2.5 | CF65: povprečno posl | CG65: =CI6 -> 3.25 | CJ65: povprečno posl | CK65: =CM6 -> 3.25 | CN65: povprečno posl | CO65: =CQ6 -> 3.25 | CR65: povprečno posl | CS65: =CU6 -> 2.25 | CV65: povprečno posl | CW65: =CY6 -> 0.75 | CZ65: povprečno posl | DA65: =DC6 -> 0 | DD65: povprečno posl | DE65: =DG6 -> 0 | DH65: povprečno posl | DI65: =DK6 -> 0 | DL65: povprečno posl | DM65: =DO6 -> 0 | DP65: povprečno posl | DQ65: =DS6 -> 0
D66: osnovni material | E66: =SUM(E72:E115) -> 0 | H66: osnovni material | I66: =SUM(I72:I115) -> 3542.662 | L66: osnovni material | M66: =SUM(M72:M115) -> 4018.464 | P66: osnovni material | Q66: =SUM(Q72:Q115) -> 3258.2896 | T66: osnovni material | U66: =SUM(U72:U115) -> 3268.9003 | X66: osnovni material | Y66: =SUM(Y72:Y115) -> 3121.6185 | AB66: osnovni material | AC66: =SUM(AC72:AC115) -> 2476.0637 | AF66: osnovni material | AG66: =SUM(AG72:AG115) -> 2603.1455 | AJ66: osnovni material | AK66: =SUM(AK72:AK115) -> 2603.1455 | AN66: osnovni material | AO66: =SUM(AO72:AO115) -> 2601.4313 | AR66: osnovni material | AS66: =SUM(AS72:AS115) -> 2818.1023 | AV66: osnovni material | AW66: =SUM(AW72:AW115) -> 2373.9581 | AZ66: osnovni material | BA66: =SUM(BA72:BA115) -> 2512.1921 | BD66: osnovni material | BE66: =SUM(BE72:BE115) -> 3094.9935 | BH66: osnovni material | BI66: =SUM(BI72:BI115) -> 3094.9935 | BL66: osnovni material | BM66: =SUM(BM72:BM115) -> 2222.4963 | BP66: osnovni material | BQ66: =SUM(BQ72:BQ115) -> 1270.1195 | BT66: osnovni material | BU66: =SUM(BU72:BU115) -> 1408.3595 | BX66: osnovni material | BY66: =SUM(BY72:BY115) -> 1397.195 | CB66: osnovni material | CC66: =SUM(CC72:CC115) -> 1473.624 | CF66: osnovni material | CG66: =SUM(CG72:CG115) -> 1682.7976 | CJ66: osnovni material | CK66: =SUM(CK72:CK115) -> 1783.9271 | CN66: osnovni material | CO66: =SUM(CO72:CO115) -> 2639.3921 | CR66: osnovni material | CS66: =SUM(CS72:CS115) -> 1671.6184 | CV66: osnovni material | CW66: =SUM(CW72:CW115) -> 1099.9816 | CZ66: osnovni material | DA66: =SUM(DA72:DA115) -> 0 | DD66: osnovni material | DE66: =SUM(DE72:DE115) -> 0 | DH66: osnovni material | DI66: =SUM(DI72:DI115) -> 0 | DL66: osnovni material | DM66: =SUM(DM72:DM115) -> 0 | DP66: osnovni material | DQ66: =SUM(DQ72:DQ115) -> 0
D67: menjav | E67: =SUM(D255:D297) -> #REF! | H67: menjav | I67: =SUM(H255:H297) -> 8 | L67: menjav | M67: =SUM(L255:L297) -> 4 | P67: menjav | Q67: =SUM(P255:P297) -> 3 | T67: menjav | U67: =SUM(T255:T297) -> 4 | X67: menjav | Y67: =SUM(X255:X297) -> 2 | AB67: menjav | AC67: =SUM(AB255:AB297) -> 2 | AF67: menjav | AG67: =SUM(AF255:AF297) -> 3 | AJ67: menjav | AK67: =SUM(AJ255:AJ297) -> 0 | AN67: menjav | AO67: =SUM(AN255:AN297) -> 2 | AR67: menjav | AS67: =SUM(AR255:AR297) -> 4 | AV67: menjav | AW67: =SUM(AV255:AV297) -> 2 | AZ67: menjav | BA67: =SUM(AZ255:AZ297) -> 2 | BD67: menjav | BE67: =SUM(BD255:BD297) -> 2 | BH67: menjav | BI67: =SUM(BH255:BH297) -> 0 | BL67: menjav | BM67: =SUM(BL255:BL297) -> 2 | BP67: menjav | BQ67: =SUM(BP255:BP297) -> 1 | BT67: menjav | BU67: =SUM(BT255:BT297) -> 1 | BX67: menjav | BY67: =SUM(BX255:BX297) -> 1 | CB67: menjav | CC67: =SUM(CB255:CB297) -> 1 | CF67: menjav | CG67: =SUM(CF255:CF297) -> 3 | CJ67: menjav | CK67: =SUM(CJ255:CJ297) -> 2 | CN67: menjav | CO67: =SUM(CN255:CN297) -> 1 | CR67: menjav | CS67: =SUM(CR255:CR297) -> 0 | CV67: menjav | CW67: =SUM(CV255:CV297) -> 0 | CZ67: menjav | DA67: =SUM(CZ255:CZ297) -> 0 | DD67: menjav | DE67: =SUM(DD255:DD297) -> 0 | DH67: menjav | DI67: =SUM(DH255:DH297) -> 0 | DL67: menjav | DM67: =SUM(DL255:DL297) -> 0 | DP67: menjav | DQ67: =SUM(DP255:DP297) -> 0
D68: %prostih strojev | E68: =1-E299/18 -> 1 | H68: %prostih strojev | I68: =1-I299/18 -> 0.55555556 | L68: %prostih strojev | M68: =1-M299/18 -> 0.38888889 | P68: %prostih strojev | Q68: =1-Q299/18 -> 0.33333333 | T68: %prostih strojev | U68: =1-U299/18 -> 0.33333333 | X68: %prostih strojev | Y68: =1-Y299/18 -> 0.38888889 | AB68: %prostih strojev | AC68: =1-AC299/18 -> 0.5 | AF68: %prostih strojev | AG68: =1-AG299/18 -> 0.44444444 | AJ68: %prostih strojev | AK68: =1-AK299/18 -> 0.44444444 | AN68: %prostih strojev | AO68: =1-AO299/18 -> 0.44444444 | AR68: %prostih strojev | AS68: =1-AS299/18 -> 0.61111111 | AV68: %prostih strojev | AW68: =1-AW299/18 -> 0.61111111 | AZ68: %prostih strojev | BA68: =1-BA299/18 -> 0.61111111 | BD68: %prostih strojev | BE68: =1-BE299/18 -> 0.5 | BH68: %prostih strojev | BI68: =1-BI299/18 -> 0.5 | BL68: %prostih strojev | BM68: =1-BM299/18 -> 0.66666667 | BP68: %prostih strojev | BQ68: =1-BQ299/18 -> 0.77777778 | BT68: %prostih strojev | BU68: =1-BU299/18 -> 0.72222222 | BX68: %prostih strojev | BY68: =1-BY299/18 -> 0.72222222 | CB68: %prostih strojev | CC68: =1-CC299/18 -> 0.77777778 | CF68: %prostih strojev | CG68: =1-CG299/18 -> 0.72222222 | CJ68: %prostih strojev | CK68: =1-CK299/18 -> 0.72222222 | CN68: %prostih strojev | CO68: =1-CO299/18 -> 0.72222222 | CR68: %prostih strojev | CS68: =1-CS299/18 -> 0.83333333 | CV68: %prostih strojev | CW68: =1-CW299/18 -> 0.88888889 | CZ68: %prostih strojev | DA68: =1-DA299/18 -> 1 | DD68: %prostih strojev | DE68: =1-DE299/18 -> 1 | DH68: %prostih strojev | DI68: =1-DI299/18 -> 1 | DL68: %prostih strojev | DM68: =1-DM299/18 -> 1 | DP68: %prostih strojev | DQ68: =1-DQ299/18 -> 1
D71: MATERIAL | E71: KOLIČINA | F71: kos v€ | H71: MATERIAL | I71: KOLIČINA | J71: kos v€ | L71: MATERIAL | M71: KOLIČINA | N71: kos v€ | P71: MATERIAL | Q71: KOLIČINA | R71: kos v€ | T71: MATERIAL | U71: KOLIČINA | V71: kos v€ | X71: MATERIAL | Y71: KOLIČINA | Z71: kos v€ | AB71: MATERIAL | AC71: KOLIČINA | AD71: kos v€ | AF71: MATERIAL | AG71: KOLIČINA | AH71: kos v€ | AJ71: MATERIAL | AK71: KOLIČINA | AL71: kos v€ | AN71: MATERIAL | AO71: KOLIČINA | AP71: kos v€ | AR71: MATERIAL | AS71: KOLIČINA | AT71: kos v€ | AV71: MATERIAL | AW71: KOLIČINA | AX71: kos v€ | AZ71: MATERIAL | BA71: KOLIČINA | BB71: kos v€ | BD71: MATERIAL | BE71: KOLIČINA | BF71: kos v€ | BH71: MATERIAL | BI71: KOLIČINA | BJ71: kos v€ | BL71: MATERIAL | BM71: KOLIČINA | BN71: kos v€ | BP71: MATERIAL | BQ71: KOLIČINA | BR71: kos v€ | BT71: MATERIAL | BU71: KOLIČINA | BV71: kos v€ | BX71: MATERIAL | BY71: KOLIČINA | BZ71: kos v€ | CB71: MATERIAL | CC71: KOLIČINA | CD71: kos v€ | CF71: MATERIAL | CG71: KOLIČINA | CH71: kos v€ | CJ71: MATERIAL | CK71: KOLIČINA | CL71: kos v€ | CN71: MATERIAL | CO71: KOLIČINA | CP71: kos v€ | CR71: MATERIAL | CS71: KOLIČINA | CT71: kos v€ | CV71: MATERIAL | CW71: KOLIČINA | CX71: kos v€ | CZ71: MATERIAL | DA71: KOLIČINA | DB71: kos v€ | DD71: MATERIAL | DE71: KOLIČINA | DF71: kos v€ | DH71: MATERIAL | DI71: KOLIČINA | DJ71: kos v€ | DL71: MATERIAL | DM71: KOLIČINA | DN71: kos v€ | DP71: MATERIAL | DQ71: KOLIČINA | DR71: kos v€
A72: 1 | B72: KM 420 R | C72: 1 | D72: =VLOOKUP(D9,struktura!$B:$S,18,FALSE) -> 0 | E72: =IF(D72=0,0,F9*VLOOKUP(D9,struktura!$B:$T,19,FALSE)) -> 0 | F72: =IFERROR(IF(D9=0,0,VLOOKUP(D9,šifrant!$A:$H,7,FALSE)*F9),0.001) -> 0 | H72: =VLOOKUP(H9,struktura!$B:$S,18,FALSE) -> 1R13017 | I72: =IF(H72=0,0,J9*VLOOKUP(H9,struktura!$B:$T,19,FALSE)) -> 513.08308 | J72: =IFERROR(IF(H9=0,0,VLOOKUP(H9,šifrant!$A:$H,7,FALSE)*J9),0.001) -> 3212.3077 | L72: =VLOOKUP(L9,struktura!$B:$S,18,FALSE) -> 1R13017 | M72: =IF(L72=0,0,N9*VLOOKUP(L9,struktura!$B:$T,19,FALSE)) -> 513.08308 | N72: =IFERROR(IF(L9=0,0,VLOOKUP(L9,šifrant!$A:$H,7,FALSE)*N9),0.001) -> 3212.3077 | P72: =VLOOKUP(P9,struktura!$B:$S,18,FALSE) -> 1R13017 | Q72: =IF(P72=0,0,R9*VLOOKUP(P9,struktura!$B:$T,19,FALSE)) -> 513.08308 | R72: =IFERROR(IF(P9=0,0,VLOOKUP(P9,šifrant!$A:$H,7,FALSE)*R9),0.001) -> 3212.3077 | T72: =VLOOKUP(T9,struktura!$B:$S,18,FALSE) -> 1R13017 | U72: =IF(T72=0,0,V9*VLOOKUP(T9,struktura!$B:$T,19,FALSE)) -> 513.08308 | V72: =IFERROR(IF(T9=0,0,VLOOKUP(T9,šifrant!$A:$H,7,FALSE)*V9),0.001) -> 3212.3077 | X72: =VLOOKUP(X9,struktura!$B:$S,18,FALSE) -> 1R13017 | Y72: =IF(X72=0,0,Z9*VLOOKUP(X9,struktura!$B:$T,19,FALSE)) -> 513.08308 | Z72: =IFERROR(IF(X9=0,0,VLOOKUP(X9,šifrant!$A:$H,7,FALSE)*Z9),0.001) -> 3212.3077 | AB72: =VLOOKUP(AB9,struktura!$B:$S,18,FALSE) -> 0 | AC72: =IF(AB72=0,0,AD9*VLOOKUP(AB9,struktura!$B:$T,19,FALSE)) -> 0 | AD72: =IFERROR(IF(AB9=0,0,VLOOKUP(AB9,šifrant!$A:$H,7,FALSE)*AD9),0.001) -> 0 | AF72: =VLOOKUP(AF9,struktura!$B:$S,18,FALSE) -> 0 | AG72: =IF(AF72=0,0,AH9*VLOOKUP(AF9,struktura!$B:$T,19,FALSE)) -> 0 | AH72: =IFERROR(IF(AF9=0,0,VLOOKUP(AF9,šifrant!$A:$H,7,FALSE)*AH9),0.001) -> 0 | AJ72: =VLOOKUP(AJ9,struktura!$B:$S,18,FALSE) -> 0 | AK72: =IF(AJ72=0,0,AL9*VLOOKUP(AJ9,struktura!$B:$T,19,FALSE)) -> 0 | AL72: =IFERROR(IF(AJ9=0,0,VLOOKUP(AJ9,šifrant!$A:$H,7,FALSE)*AL9),0.001) -> 0 | AN72: =VLOOKUP(AN9,struktura!$B:$S,18,FALSE) -> 0 | AO72: =IF(AN72=0,0,AP9*VLOOKUP(AN9,struktura!$B:$T,19,FALSE)) -> 0 | AP72: =IFERROR(IF(AN9=0,0,VLOOKUP(AN9,šifrant!$A:$H,7,FALSE)*AP9),0.001) -> 0 | AR72: =VLOOKUP(AR9,struktura!$B:$S,18,FALSE) -> 1R13017 | AS72: =IF(AR72=0,0,AT9*VLOOKUP(AR9,struktura!$B:$T,19,FALSE)) -> 513.08308 | AT72: =IFERROR(IF(AR9=0,0,VLOOKUP(AR9,šifrant!$A:$H,7,FALSE)*AT9),0.001) -> 3212.3077 | AV72: =VLOOKUP(AV9,struktura!$B:$S,18,FALSE) -> 1R13017 | AW72: =IF(AV72=0,0,AX9*VLOOKUP(AV9,struktura!$B:$T,19,FALSE)) -> 513.08308 | AX72: =IFERROR(IF(AV9=0,0,VLOOKUP(AV9,šifrant!$A:$H,7,FALSE)*AX9),0.001) -> 3212.3077 | AZ72: =VLOOKUP(AZ9,struktura!$B:$S,18,FALSE) -> 1R13017 | BA72: =IF(AZ72=0,0,BB9*VLOOKUP(AZ9,struktura!$B:$T,19,FALSE)) -> 513.08308 | BB72: =IFERROR(IF(AZ9=0,0,VLOOKUP(AZ9,šifrant!$A:$H,7,FALSE)*BB9),0.001) -> 3212.3077 | BD72: =VLOOKUP(BD9,struktura!$B:$S,18,FALSE) -> 1R13017 | BE72: =IF(BD72=0,0,BF9*VLOOKUP(BD9,struktura!$B:$T,19,FALSE)) -> 513.08308 | BF72: =IFERROR(IF(BD9=0,0,VLOOKUP(BD9,šifrant!$A:$H,7,FALSE)*BF9),0.001) -> 3212.3077 | BH72: =VLOOKUP(BH9,struktura!$B:$S,18,FALSE) -> 1R13017 | BI72: =IF(BH72=0,0,BJ9*VLOOKUP(BH9,struktura!$B:$T,19,FALSE)) -> 513.08308 | BJ72: =IFERROR(IF(BH9=0,0,VLOOKUP(BH9,šifrant!$A:$H,7,FALSE)*BJ9),0.001) -> 3212.3077 | BL72: =VLOOKUP(BL9,struktura!$B:$S,18,FALSE) -> 0 | BM72: =IF(BL72=0,0,BN9*VLOOKUP(BL9,struktura!$B:$T,19,FALSE)) -> 0 | BN72: =IFERROR(IF(BL9=0,0,VLOOKUP(BL9,šifrant!$A:$H,7,FALSE)*BN9),0.001) -> 0 | BP72: =VLOOKUP(BP9,struktura!$B:$S,18,FALSE) -> 0 | BQ72: =IF(BP72=0,0,BR9*VLOOKUP(BP9,struktura!$B:$T,19,FALSE)) -> 0 | BR72: =IFERROR(IF(BP9=0,0,VLOOKUP(BP9,šifrant!$A:$H,7,FALSE)*BR9),0.001) -> 0 | BT72: =VLOOKUP(BT9,struktura!$B:$S,18,FALSE) -> 0 | BU72: =IF(BT72=0,0,BV9*VLOOKUP(BT9,struktura!$B:$T,19,FALSE)) -> 0 | BV72: =IFERROR(IF(BT9=0,0,VLOOKUP(BT9,šifrant!$A:$H,7,FALSE)*BV9),0.001) -> 0 | BX72: =VLOOKUP(BX9,struktura!$B:$S,18,FALSE) -> 0 | BY72: =IF(BX72=0,0,BZ9*VLOOKUP(BX9,struktura!$B:$T,19,FALSE)) -> 0 | BZ72: =IFERROR(IF(BX9=0,0,VLOOKUP(BX9,šifrant!$A:$H,7,FALSE)*BZ9),0.001) -> 0 | CB72: =VLOOKUP(CB9,struktura!$B:$S,18,FALSE) -> 0 | CC72: =IF(CB72=0,0,CD9*VLOOKUP(CB9,struktura!$B:$T,19,FALSE)) -> 0 | CD72: =IFERROR(IF(CB9=0,0,VLOOKUP(CB9,šifrant!$A:$H,7,FALSE)*CD9),0.001) -> 0 | CF72: =VLOOKUP(CF9,struktura!$B:$S,18,FALSE) -> 0 | CG72: =IF(CF72=0,0,CH9*VLOOKUP(CF9,struktura!$B:$T,19,FALSE)) -> 0 | CH72: =IFERROR(IF(CF9=0,0,VLOOKUP(CF9,šifrant!$A:$H,7,FALSE)*CH9),0.001) -> 0 | CJ72: =VLOOKUP(CJ9,struktura!$B:$S,18,FALSE) -> 0 | CK72: =IF(CJ72=0,0,CL9*VLOOKUP(CJ9,struktura!$B:$T,19,FALSE)) -> 0 | CL72: =IFERROR(IF(CJ9=0,0,VLOOKUP(CJ9,šifrant!$A:$H,7,FALSE)*CL9),0.001) -> 0 | CN72: =VLOOKUP(CN9,struktura!$B:$S,18,FALSE) -> 0 | CO72: =IF(CN72=0,0,CP9*VLOOKUP(CN9,struktura!$B:$T,19,FALSE)) -> 0 | CP72: =IFERROR(IF(CN9=0,0,VLOOKUP(CN9,šifrant!$A:$H,7,FALSE)*CP9),0.001) -> 0 | CR72: =VLOOKUP(CR9,struktura!$B:$S,18,FALSE) -> 0 | CS72: =IF(CR72=0,0,CT9*VLOOKUP(CR9,struktura!$B:$T,19,FALSE)) -> 0 | CT72: =IFERROR(IF(CR9=0,0,VLOOKUP(CR9,šifrant!$A:$H,7,FALSE)*CT9),0.001) -> 0 | CV72: =VLOOKUP(CV9,struktura!$B:$S,18,FALSE) -> 0 | CW72: =IF(CV72=0,0,CX9*VLOOKUP(CV9,struktura!$B:$T,19,FALSE)) -> 0 | CX72: =IFERROR(IF(CV9=0,0,VLOOKUP(CV9,šifrant!$A:$H,7,FALSE)*CX9),0.001) -> 0 | CZ72: =VLOOKUP(CZ9,struktura!$B:$S,18,FALSE) -> 0 | DA72: =IF(CZ72=0,0,DB9*VLOOKUP(CZ9,struktura!$B:$T,19,FALSE)) -> 0 | DB72: =IFERROR(IF(CZ9=0,0,VLOOKUP(CZ9,šifrant!$A:$H,7,FALSE)*DB9),0.001) -> 0 | DD72: =VLOOKUP(DD9,struktura!$B:$S,18,FALSE) -> 0 | DE72: =IF(DD72=0,0,DF9*VLOOKUP(DD9,struktura!$B:$T,19,FALSE)) -> 0 | DF72: =IFERROR(IF(DD9=0,0,VLOOKUP(DD9,šifrant!$A:$H,7,FALSE)*DF9),0.001) -> 0 | DH72: =VLOOKUP(DH9,struktura!$B:$S,18,FALSE) -> 0 | DI72: =IF(DH72=0,0,DJ9*VLOOKUP(DH9,struktura!$B:$T,19,FALSE)) -> 0 | DJ72: =IFERROR(IF(DH9=0,0,VLOOKUP(DH9,šifrant!$A:$H,7,FALSE)*DJ9),0.001) -> 0 | DL72: =VLOOKUP(DL9,struktura!$B:$S,18,FALSE) -> 0 | DM72: =IF(DL72=0,0,DN9*VLOOKUP(DL9,struktura!$B:$T,19,FALSE)) -> 0 | DN72: =IFERROR(IF(DL9=0,0,VLOOKUP(DL9,šifrant!$A:$H,7,FALSE)*DN9),0.001) -> 0 | DP72: =VLOOKUP(DP9,struktura!$B:$S,18,FALSE) -> 0 | DQ72: =IF(DP72=0,0,DR9*VLOOKUP(DP9,struktura!$B:$T,19,FALSE)) -> 0 | DR72: =IFERROR(IF(DP9=0,0,VLOOKUP(DP9,šifrant!$A:$H,7,FALSE)*DR9),0.001) -> 0
A74: 2 | B74: KM 420 R | C74: 1 | D74: =VLOOKUP(D11,struktura!$B:$S,18,FALSE) -> 0 | E74: =IF(D74=0,0,F11*VLOOKUP(D11,struktura!$B:$T,19,FALSE)) -> 0 | F74: =IFERROR(IF(D11=0,0,VLOOKUP(D11,šifrant!$A:$H,7,FALSE)*F11),0.001) -> 0 | H74: =VLOOKUP(H11,struktura!$B:$S,18,FALSE) -> 0 | I74: =IF(H74=0,0,J11*VLOOKUP(H11,struktura!$B:$T,19,FALSE)) -> 0 | J74: =IFERROR(IF(H11=0,0,VLOOKUP(H11,šifrant!$A:$H,7,FALSE)*J11),0.001) -> 0 | L74: =VLOOKUP(L11,struktura!$B:$S,18,FALSE) -> 0 | M74: =IF(L74=0,0,N11*VLOOKUP(L11,struktura!$B:$T,19,FALSE)) -> 0 | N74: =IFERROR(IF(L11=0,0,VLOOKUP(L11,šifrant!$A:$H,7,FALSE)*N11),0.001) -> 0 | P74: =VLOOKUP(P11,struktura!$B:$S,18,FALSE) -> 0 | Q74: =IF(P74=0,0,R11*VLOOKUP(P11,struktura!$B:$T,19,FALSE)) -> 0 | R74: =IFERROR(IF(P11=0,0,VLOOKUP(P11,šifrant!$A:$H,7,FALSE)*R11),0.001) -> 0 | T74: =VLOOKUP(T11,struktura!$B:$S,18,FALSE) -> 0 | U74: =IF(T74=0,0,V11*VLOOKUP(T11,struktura!$B:$T,19,FALSE)) -> 0 | V74: =IFERROR(IF(T11=0,0,VLOOKUP(T11,šifrant!$A:$H,7,FALSE)*V11),0.001) -> 0 | X74: =VLOOKUP(X11,struktura!$B:$S,18,FALSE) -> 0 | Y74: =IF(X74=0,0,Z11*VLOOKUP(X11,struktura!$B:$T,19,FALSE)) -> 0 | Z74: =IFERROR(IF(X11=0,0,VLOOKUP(X11,šifrant!$A:$H,7,FALSE)*Z11),0.001) -> 0 | AB74: =VLOOKUP(AB11,struktura!$B:$S,18,FALSE) -> 0 | AC74: =IF(AB74=0,0,AD11*VLOOKUP(AB11,struktura!$B:$T,19,FALSE)) -> 0 | AD74: =IFERROR(IF(AB11=0,0,VLOOKUP(AB11,šifrant!$A:$H,7,FALSE)*AD11),0.001) -> 0 | AF74: =VLOOKUP(AF11,struktura!$B:$S,18,FALSE) -> 0 | AG74: =IF(AF74=0,0,AH11*VLOOKUP(AF11,struktura!$B:$T,19,FALSE)) -> 0 | AH74: =IFERROR(IF(AF11=0,0,VLOOKUP(AF11,šifrant!$A:$H,7,FALSE)*AH11),0.001) -> 0 | AJ74: =VLOOKUP(AJ11,struktura!$B:$S,18,FALSE) -> 0 | AK74: =IF(AJ74=0,0,AL11*VLOOKUP(AJ11,struktura!$B:$T,19,FALSE)) -> 0 | AL74: =IFERROR(IF(AJ11=0,0,VLOOKUP(AJ11,šifrant!$A:$H,7,FALSE)*AL11),0.001) -> 0 | AN74: =VLOOKUP(AN11,struktura!$B:$S,18,FALSE) -> 0 | AO74: =IF(AN74=0,0,AP11*VLOOKUP(AN11,struktura!$B:$T,19,FALSE)) -> 0 | AP74: =IFERROR(IF(AN11=0,0,VLOOKUP(AN11,šifrant!$A:$H,7,FALSE)*AP11),0.001) -> 0 | AR74: =VLOOKUP(AR11,struktura!$B:$S,18,FALSE) -> 0 | AS74: =IF(AR74=0,0,AT11*VLOOKUP(AR11,struktura!$B:$T,19,FALSE)) -> 0 | AT74: =IFERROR(IF(AR11=0,0,VLOOKUP(AR11,šifrant!$A:$H,7,FALSE)*AT11),0.001) -> 0 | AV74: =VLOOKUP(AV11,struktura!$B:$S,18,FALSE) -> 0 | AW74: =IF(AV74=0,0,AX11*VLOOKUP(AV11,struktura!$B:$T,19,FALSE)) -> 0 | AX74: =IFERROR(IF(AV11=0,0,VLOOKUP(AV11,šifrant!$A:$H,7,FALSE)*AX11),0.001) -> 0 | AZ74: =VLOOKUP(AZ11,struktura!$B:$S,18,FALSE) -> 0 | BA74: =IF(AZ74=0,0,BB11*VLOOKUP(AZ11,struktura!$B:$T,19,FALSE)) -> 0 | BB74: =IFERROR(IF(AZ11=0,0,VLOOKUP(AZ11,šifrant!$A:$H,7,FALSE)*BB11),0.001) -> 0 | BD74: =VLOOKUP(BD11,struktura!$B:$S,18,FALSE) -> 0 | BE74: =IF(BD74=0,0,BF11*VLOOKUP(BD11,struktura!$B:$T,19,FALSE)) -> 0 | BF74: =IFERROR(IF(BD11=0,0,VLOOKUP(BD11,šifrant!$A:$H,7,FALSE)*BF11),0.001) -> 0 | BH74: =VLOOKUP(BH11,struktura!$B:$S,18,FALSE) -> 0 | BI74: =IF(BH74=0,0,BJ11*VLOOKUP(BH11,struktura!$B:$T,19,FALSE)) -> 0 | BJ74: =IFERROR(IF(BH11=0,0,VLOOKUP(BH11,šifrant!$A:$H,7,FALSE)*BJ11),0.001) -> 0 | BL74: =VLOOKUP(BL11,struktura!$B:$S,18,FALSE) -> 0 | BM74: =IF(BL74=0,0,BN11*VLOOKUP(BL11,struktura!$B:$T,19,FALSE)) -> 0 | BN74: =IFERROR(IF(BL11=0,0,VLOOKUP(BL11,šifrant!$A:$H,7,FALSE)*BN11),0.001) -> 0 | BP74: =VLOOKUP(BP11,struktura!$B:$S,18,FALSE) -> 0 | BQ74: =IF(BP74=0,0,BR11*VLOOKUP(BP11,struktura!$B:$T,19,FALSE)) -> 0 | BR74: =IFERROR(IF(BP11=0,0,VLOOKUP(BP11,šifrant!$A:$H,7,FALSE)*BR11),0.001) -> 0 | BT74: =VLOOKUP(BT11,struktura!$B:$S,18,FALSE) -> 0 | BU74: =IF(BT74=0,0,BV11*VLOOKUP(BT11,struktura!$B:$T,19,FALSE)) -> 0 | BV74: =IFERROR(IF(BT11=0,0,VLOOKUP(BT11,šifrant!$A:$H,7,FALSE)*BV11),0.001) -> 0 | BX74: =VLOOKUP(BX11,struktura!$B:$S,18,FALSE) -> 0 | BY74: =IF(BX74=0,0,BZ11*VLOOKUP(BX11,struktura!$B:$T,19,FALSE)) -> 0 | BZ74: =IFERROR(IF(BX11=0,0,VLOOKUP(BX11,šifrant!$A:$H,7,FALSE)*BZ11),0.001) -> 0 | CB74: =VLOOKUP(CB11,struktura!$B:$S,18,FALSE) -> 0 | CC74: =IF(CB74=0,0,CD11*VLOOKUP(CB11,struktura!$B:$T,19,FALSE)) -> 0 | CD74: =IFERROR(IF(CB11=0,0,VLOOKUP(CB11,šifrant!$A:$H,7,FALSE)*CD11),0.001) -> 0 | CF74: =VLOOKUP(CF11,struktura!$B:$S,18,FALSE) -> 0 | CG74: =IF(CF74=0,0,CH11*VLOOKUP(CF11,struktura!$B:$T,19,FALSE)) -> 0 | CH74: =IFERROR(IF(CF11=0,0,VLOOKUP(CF11,šifrant!$A:$H,7,FALSE)*CH11),0.001) -> 0 | CJ74: =VLOOKUP(CJ11,struktura!$B:$S,18,FALSE) -> 0 | CK74: =IF(CJ74=0,0,CL11*VLOOKUP(CJ11,struktura!$B:$T,19,FALSE)) -> 0 | CL74: =IFERROR(IF(CJ11=0,0,VLOOKUP(CJ11,šifrant!$A:$H,7,FALSE)*CL11),0.001) -> 0 | CN74: =VLOOKUP(CN11,struktura!$B:$S,18,FALSE) -> 0 | CO74: =IF(CN74=0,0,CP11*VLOOKUP(CN11,struktura!$B:$T,19,FALSE)) -> 0 | CP74: =IFERROR(IF(CN11=0,0,VLOOKUP(CN11,šifrant!$A:$H,7,FALSE)*CP11),0.001) -> 0 | CR74: =VLOOKUP(CR11,struktura!$B:$S,18,FALSE) -> 0 | CS74: =IF(CR74=0,0,CT11*VLOOKUP(CR11,struktura!$B:$T,19,FALSE)) -> 0 | CT74: =IFERROR(IF(CR11=0,0,VLOOKUP(CR11,šifrant!$A:$H,7,FALSE)*CT11),0.001) -> 0 | CV74: =VLOOKUP(CV11,struktura!$B:$S,18,FALSE) -> 0 | CW74: =IF(CV74=0,0,CX11*VLOOKUP(CV11,struktura!$B:$T,19,FALSE)) -> 0 | CX74: =IFERROR(IF(CV11=0,0,VLOOKUP(CV11,šifrant!$A:$H,7,FALSE)*CX11),0.001) -> 0 | CZ74: =VLOOKUP(CZ11,struktura!$B:$S,18,FALSE) -> 0 | DA74: =IF(CZ74=0,0,DB11*VLOOKUP(CZ11,struktura!$B:$T,19,FALSE)) -> 0 | DB74: =IFERROR(IF(CZ11=0,0,VLOOKUP(CZ11,šifrant!$A:$H,7,FALSE)*DB11),0.001) -> 0 | DD74: =VLOOKUP(DD11,struktura!$B:$S,18,FALSE) -> 0 | DE74: =IF(DD74=0,0,DF11*VLOOKUP(DD11,struktura!$B:$T,19,FALSE)) -> 0 | DF74: =IFERROR(IF(DD11=0,0,VLOOKUP(DD11,šifrant!$A:$H,7,FALSE)*DF11),0.001) -> 0 | DH74: =VLOOKUP(DH11,struktura!$B:$S,18,FALSE) -> 0 | DI74: =IF(DH74=0,0,DJ11*VLOOKUP(DH11,struktura!$B:$T,19,FALSE)) -> 0 | DJ74: =IFERROR(IF(DH11=0,0,VLOOKUP(DH11,šifrant!$A:$H,7,FALSE)*DJ11),0.001) -> 0 | DL74: =VLOOKUP(DL11,struktura!$B:$S,18,FALSE) -> 0 | DM74: =IF(DL74=0,0,DN11*VLOOKUP(DL11,struktura!$B:$T,19,FALSE)) -> 0 | DN74: =IFERROR(IF(DL11=0,0,VLOOKUP(DL11,šifrant!$A:$H,7,FALSE)*DN11),0.001) -> 0 | DP74: =VLOOKUP(DP11,struktura!$B:$S,18,FALSE) -> 0 | DQ74: =IF(DP74=0,0,DR11*VLOOKUP(DP11,struktura!$B:$T,19,FALSE)) -> 0 | DR74: =IFERROR(IF(DP11=0,0,VLOOKUP(DP11,šifrant!$A:$H,7,FALSE)*DR11),0.001) -> 0
A76: 17 | B76: KM420 R | C76: 1 | D76: =VLOOKUP(D13,struktura!$B:$S,18,FALSE) -> 0 | E76: =IF(D76=0,0,F13*VLOOKUP(D13,struktura!$B:$T,19,FALSE)) -> 0 | F76: =IFERROR(IF(D13=0,0,VLOOKUP(D13,šifrant!$A:$H,7,FALSE)*F13),0.001) -> 0 | H76: =VLOOKUP(H13,struktura!$B:$S,18,FALSE) -> 1R03058 | I76: =IF(H76=0,0,J13*VLOOKUP(H13,struktura!$B:$T,19,FALSE)) -> 537.3132 | J76: =IFERROR(IF(H13=0,0,VLOOKUP(H13,šifrant!$A:$H,7,FALSE)*J13),0.001) -> 2331.6 | L76: =VLOOKUP(L13,struktura!$B:$S,18,FALSE) -> 1R03058 | M76: =IF(L76=0,0,N13*VLOOKUP(L13,struktura!$B:$T,19,FALSE)) -> 537.3132 | N76: =IFERROR(IF(L13=0,0,VLOOKUP(L13,šifrant!$A:$H,7,FALSE)*N13),0.001) -> 2331.6 | P76: =VLOOKUP(P13,struktura!$B:$S,18,FALSE) -> 1R03058 | Q76: =IF(P76=0,0,R13*VLOOKUP(P13,struktura!$B:$T,19,FALSE)) -> 537.3132 | R76: =IFERROR(IF(P13=0,0,VLOOKUP(P13,šifrant!$A:$H,7,FALSE)*R13),0.001) -> 2331.6 | T76: =VLOOKUP(T13,struktura!$B:$S,18,FALSE) -> 1R03058 | U76: =IF(T76=0,0,V13*VLOOKUP(T13,struktura!$B:$T,19,FALSE)) -> 537.3132 | V76: =IFERROR(IF(T13=0,0,VLOOKUP(T13,šifrant!$A:$H,7,FALSE)*V13),0.001) -> 2331.6 | X76: =VLOOKUP(X13,struktura!$B:$S,18,FALSE) -> 1R03058 | Y76: =IF(X76=0,0,Z13*VLOOKUP(X13,struktura!$B:$T,19,FALSE)) -> 537.3132 | Z76: =IFERROR(IF(X13=0,0,VLOOKUP(X13,šifrant!$A:$H,7,FALSE)*Z13),0.001) -> 2331.6 | AB76: =VLOOKUP(AB13,struktura!$B:$S,18,FALSE) -> 1R03058 | AC76: =IF(AB76=0,0,AD13*VLOOKUP(AB13,struktura!$B:$T,19,FALSE)) -> 537.3132 | AD76: =IFERROR(IF(AB13=0,0,VLOOKUP(AB13,šifrant!$A:$H,7,FALSE)*AD13),0.001) -> 2331.6 | AF76: =VLOOKUP(AF13,struktura!$B:$S,18,FALSE) -> 1R03058 | AG76: =IF(AF76=0,0,AH13*VLOOKUP(AF13,struktura!$B:$T,19,FALSE)) -> 537.3132 | AH76: =IFERROR(IF(AF13=0,0,VLOOKUP(AF13,šifrant!$A:$H,7,FALSE)*AH13),0.001) -> 2331.6 | AJ76: =VLOOKUP(AJ13,struktura!$B:$S,18,FALSE) -> 1R03058 | AK76: =IF(AJ76=0,0,AL13*VLOOKUP(AJ13,struktura!$B:$T,19,FALSE)) -> 537.3132 | AL76: =IFERROR(IF(AJ13=0,0,VLOOKUP(AJ13,šifrant!$A:$H,7,FALSE)*AL13),0.001) -> 2331.6 | AN76: =VLOOKUP(AN13,struktura!$B:$S,18,FALSE) -> 1R03058 | AO76: =IF(AN76=0,0,AP13*VLOOKUP(AN13,struktura!$B:$T,19,FALSE)) -> 537.3132 | AP76: =IFERROR(IF(AN13=0,0,VLOOKUP(AN13,šifrant!$A:$H,7,FALSE)*AP13),0.001) -> 2331.6 | AR76: =VLOOKUP(AR13,struktura!$B:$S,18,FALSE) -> 1R03058 | AS76: =IF(AR76=0,0,AT13*VLOOKUP(AR13,struktura!$B:$T,19,FALSE)) -> 537.3132 | AT76: =IFERROR(IF(AR13=0,0,VLOOKUP(AR13,šifrant!$A:$H,7,FALSE)*AT13),0.001) -> 2331.6 | AV76: =VLOOKUP(AV13,struktura!$B:$S,18,FALSE) -> 1R03058 | AW76: =IF(AV76=0,0,AX13*VLOOKUP(AV13,struktura!$B:$T,19,FALSE)) -> 537.3132 | AX76: =IFERROR(IF(AV13=0,0,VLOOKUP(AV13,šifrant!$A:$H,7,FALSE)*AX13),0.001) -> 2331.6 | AZ76: =VLOOKUP(AZ13,struktura!$B:$S,18,FALSE) -> 1R03058 | BA76: =IF(AZ76=0,0,BB13*VLOOKUP(AZ13,struktura!$B:$T,19,FALSE)) -> 537.3132 | BB76: =IFERROR(IF(AZ13=0,0,VLOOKUP(AZ13,šifrant!$A:$H,7,FALSE)*BB13),0.001) -> 2331.6 | BD76: =VLOOKUP(BD13,struktura!$B:$S,18,FALSE) -> 1R03058 | BE76: =IF(BD76=0,0,BF13*VLOOKUP(BD13,struktura!$B:$T,19,FALSE)) -> 537.3132 | BF76: =IFERROR(IF(BD13=0,0,VLOOKUP(BD13,šifrant!$A:$H,7,FALSE)*BF13),0.001) -> 2331.6 | BH76: =VLOOKUP(BH13,struktura!$B:$S,18,FALSE) -> 1R03058 | BI76: =IF(BH76=0,0,BJ13*VLOOKUP(BH13,struktura!$B:$T,19,FALSE)) -> 537.3132 | BJ76: =IFERROR(IF(BH13=0,0,VLOOKUP(BH13,šifrant!$A:$H,7,FALSE)*BJ13),0.001) -> 2331.6 | BL76: =VLOOKUP(BL13,struktura!$B:$S,18,FALSE) -> 0 | BM76: =IF(BL76=0,0,BN13*VLOOKUP(BL13,struktura!$B:$T,19,FALSE)) -> 0 | BN76: =IFERROR(IF(BL13=0,0,VLOOKUP(BL13,šifrant!$A:$H,7,FALSE)*BN13),0.001) -> 0 | BP76: =VLOOKUP(BP13,struktura!$B:$S,18,FALSE) -> 0 | BQ76: =IF(BP76=0,0,BR13*VLOOKUP(BP13,struktura!$B:$T,19,FALSE)) -> 0 | BR76: =IFERROR(IF(BP13=0,0,VLOOKUP(BP13,šifrant!$A:$H,7,FALSE)*BR13),0.001) -> 0 | BT76: =VLOOKUP(BT13,struktura!$B:$S,18,FALSE) -> 0 | BU76: =IF(BT76=0,0,BV13*VLOOKUP(BT13,struktura!$B:$T,19,FALSE)) -> 0 | BV76: =IFERROR(IF(BT13=0,0,VLOOKUP(BT13,šifrant!$A:$H,7,FALSE)*BV13),0.001) -> 0 | BX76: =VLOOKUP(BX13,struktura!$B:$S,18,FALSE) -> 0 | BY76: =IF(BX76=0,0,BZ13*VLOOKUP(BX13,struktura!$B:$T,19,FALSE)) -> 0 | BZ76: =IFERROR(IF(BX13=0,0,VLOOKUP(BX13,šifrant!$A:$H,7,FALSE)*BZ13),0.001) -> 0 | CB76: =VLOOKUP(CB13,struktura!$B:$S,18,FALSE) -> 0 | CC76: =IF(CB76=0,0,CD13*VLOOKUP(CB13,struktura!$B:$T,19,FALSE)) -> 0 | CD76: =IFERROR(IF(CB13=0,0,VLOOKUP(CB13,šifrant!$A:$H,7,FALSE)*CD13),0.001) -> 0 | CF76: =VLOOKUP(CF13,struktura!$B:$S,18,FALSE) -> 0 | CG76: =IF(CF76=0,0,CH13*VLOOKUP(CF13,struktura!$B:$T,19,FALSE)) -> 0 | CH76: =IFERROR(IF(CF13=0,0,VLOOKUP(CF13,šifrant!$A:$H,7,FALSE)*CH13),0.001) -> 0 | CJ76: =VLOOKUP(CJ13,struktura!$B:$S,18,FALSE) -> 0 | CK76: =IF(CJ76=0,0,CL13*VLOOKUP(CJ13,struktura!$B:$T,19,FALSE)) -> 0 | CL76: =IFERROR(IF(CJ13=0,0,VLOOKUP(CJ13,šifrant!$A:$H,7,FALSE)*CL13),0.001) -> 0 | CN76: =VLOOKUP(CN13,struktura!$B:$S,18,FALSE) -> 0 | CO76: =IF(CN76=0,0,CP13*VLOOKUP(CN13,struktura!$B:$T,19,FALSE)) -> 0 | CP76: =IFERROR(IF(CN13=0,0,VLOOKUP(CN13,šifrant!$A:$H,7,FALSE)*CP13),0.001) -> 0 | CR76: =VLOOKUP(CR13,struktura!$B:$S,18,FALSE) -> 0 | CS76: =IF(CR76=0,0,CT13*VLOOKUP(CR13,struktura!$B:$T,19,FALSE)) -> 0 | CT76: =IFERROR(IF(CR13=0,0,VLOOKUP(CR13,šifrant!$A:$H,7,FALSE)*CT13),0.001) -> 0 | CV76: =VLOOKUP(CV13,struktura!$B:$S,18,FALSE) -> 0 | CW76: =IF(CV76=0,0,CX13*VLOOKUP(CV13,struktura!$B:$T,19,FALSE)) -> 0 | CX76: =IFERROR(IF(CV13=0,0,VLOOKUP(CV13,šifrant!$A:$H,7,FALSE)*CX13),0.001) -> 0 | CZ76: =VLOOKUP(CZ13,struktura!$B:$S,18,FALSE) -> 0 | DA76: =IF(CZ76=0,0,DB13*VLOOKUP(CZ13,struktura!$B:$T,19,FALSE)) -> 0 | DB76: =IFERROR(IF(CZ13=0,0,VLOOKUP(CZ13,šifrant!$A:$H,7,FALSE)*DB13),0.001) -> 0 | DD76: =VLOOKUP(DD13,struktura!$B:$S,18,FALSE) -> 0 | DE76: =IF(DD76=0,0,DF13*VLOOKUP(DD13,struktura!$B:$T,19,FALSE)) -> 0 | DF76: =IFERROR(IF(DD13=0,0,VLOOKUP(DD13,šifrant!$A:$H,7,FALSE)*DF13),0.001) -> 0 | DH76: =VLOOKUP(DH13,struktura!$B:$S,18,FALSE) -> 0 | DI76: =IF(DH76=0,0,DJ13*VLOOKUP(DH13,struktura!$B:$T,19,FALSE)) -> 0 | DJ76: =IFERROR(IF(DH13=0,0,VLOOKUP(DH13,šifrant!$A:$H,7,FALSE)*DJ13),0.001) -> 0 | DL76: =VLOOKUP(DL13,struktura!$B:$S,18,FALSE) -> 0 | DM76: =IF(DL76=0,0,DN13*VLOOKUP(DL13,struktura!$B:$T,19,FALSE)) -> 0 | DN76: =IFERROR(IF(DL13=0,0,VLOOKUP(DL13,šifrant!$A:$H,7,FALSE)*DN13),0.001) -> 0 | DP76: =VLOOKUP(DP13,struktura!$B:$S,18,FALSE) -> 0 | DQ76: =IF(DP76=0,0,DR13*VLOOKUP(DP13,struktura!$B:$T,19,FALSE)) -> 0 | DR76: =IFERROR(IF(DP13=0,0,VLOOKUP(DP13,šifrant!$A:$H,7,FALSE)*DR13),0.001) -> 0
A78: 3 | B78: EN 400 R | C78: 1 | D78: =VLOOKUP(D15,struktura!$B:$S,18,FALSE) -> 0 | E78: =IF(D78=0,0,F15*VLOOKUP(D15,struktura!$B:$T,19,FALSE)) -> 0 | F78: =IFERROR(IF(D15=0,0,VLOOKUP(D15,šifrant!$A:$H,7,FALSE)*F15),0.001) -> 0 | H78: =VLOOKUP(H15,struktura!$B:$S,18,FALSE) -> 1R14004 | I78: =IF(H78=0,0,J15*VLOOKUP(H15,struktura!$B:$T,19,FALSE)) -> 682.2144 | J78: =IFERROR(IF(H15=0,0,VLOOKUP(H15,šifrant!$A:$H,7,FALSE)*J15),0.001) -> 2678.4 | L78: =VLOOKUP(L15,struktura!$B:$S,18,FALSE) -> 1R14004 | M78: =IF(L78=0,0,N15*VLOOKUP(L15,struktura!$B:$T,19,FALSE)) -> 682.2144 | N78: =IFERROR(IF(L15=0,0,VLOOKUP(L15,šifrant!$A:$H,7,FALSE)*N15),0.001) -> 2678.4 | P78: =VLOOKUP(P15,struktura!$B:$S,18,FALSE) -> 1R14004 | Q78: =IF(P78=0,0,R15*VLOOKUP(P15,struktura!$B:$T,19,FALSE)) -> 682.2144 | R78: =IFERROR(IF(P15=0,0,VLOOKUP(P15,šifrant!$A:$H,7,FALSE)*R15),0.001) -> 2678.4 | T78: =VLOOKUP(T15,struktura!$B:$S,18,FALSE) -> 0 | U78: =IF(T78=0,0,V15*VLOOKUP(T15,struktura!$B:$T,19,FALSE)) -> 0 | V78: =IFERROR(IF(T15=0,0,VLOOKUP(T15,šifrant!$A:$H,7,FALSE)*V15),0.001) -> 0 | X78: =VLOOKUP(X15,struktura!$B:$S,18,FALSE) -> 0 | Y78: =IF(X78=0,0,Z15*VLOOKUP(X15,struktura!$B:$T,19,FALSE)) -> 0 | Z78: =IFERROR(IF(X15=0,0,VLOOKUP(X15,šifrant!$A:$H,7,FALSE)*Z15),0.001) -> 0 | AB78: =VLOOKUP(AB15,struktura!$B:$S,18,FALSE) -> 1R14095 | AC78: =IF(AB78=0,0,AD15*VLOOKUP(AB15,struktura!$B:$T,19,FALSE)) -> 300.672 | AD78: =IFERROR(IF(AB15=0,0,VLOOKUP(AB15,šifrant!$A:$H,7,FALSE)*AD15),0.001) -> 1935.36 | AF78: =VLOOKUP(AF15,struktura!$B:$S,18,FALSE) -> 1R14091 | AG78: =IF(AF78=0,0,AH15*VLOOKUP(AF15,struktura!$B:$T,19,FALSE)) -> 282.63168 | AH78: =IFERROR(IF(AF15=0,0,VLOOKUP(AF15,šifrant!$A:$H,7,FALSE)*AH15),0.001) -> 1883.52 | AJ78: =VLOOKUP(AJ15,struktura!$B:$S,18,FALSE) -> 1R14091 | AK78: =IF(AJ78=0,0,AL15*VLOOKUP(AJ15,struktura!$B:$T,19,FALSE)) -> 282.63168 | AL78: =IFERROR(IF(AJ15=0,0,VLOOKUP(AJ15,šifrant!$A:$H,7,FALSE)*AL15),0.001) -> 1883.52 | AN78: =VLOOKUP(AN15,struktura!$B:$S,18,FALSE) -> 1R14091 | AO78: =IF(AN78=0,0,AP15*VLOOKUP(AN15,struktura!$B:$T,19,FALSE)) -> 282.63168 | AP78: =IFERROR(IF(AN15=0,0,VLOOKUP(AN15,šifrant!$A:$H,7,FALSE)*AP15),0.001) -> 1935.36 | AR78: =VLOOKUP(AR15,struktura!$B:$S,18,FALSE) -> 1R14004 | AS78: =IF(AR78=0,0,AT15*VLOOKUP(AR15,struktura!$B:$T,19,FALSE)) -> 245.34 | AT78: =IFERROR(IF(AR15=0,0,VLOOKUP(AR15,šifrant!$A:$H,7,FALSE)*AT15),0.001) -> 1500 | AV78: =VLOOKUP(AV15,struktura!$B:$S,18,FALSE) -> 0 | AW78: =IF(AV78=0,0,AX15*VLOOKUP(AV15,struktura!$B:$T,19,FALSE)) -> 0 | AX78: =IFERROR(IF(AV15=0,0,VLOOKUP(AV15,šifrant!$A:$H,7,FALSE)*AX15),0.001) -> 0 | AZ78: =VLOOKUP(AZ15,struktura!$B:$S,18,FALSE) -> 0 | BA78: =IF(AZ78=0,0,BB15*VLOOKUP(AZ15,struktura!$B:$T,19,FALSE)) -> 0 | BB78: =IFERROR(IF(AZ15=0,0,VLOOKUP(AZ15,šifrant!$A:$H,7,FALSE)*BB15),0.001) -> 0 | BD78: =VLOOKUP(BD15,struktura!$B:$S,18,FALSE) -> 0 | BE78: =IF(BD78=0,0,BF15*VLOOKUP(BD15,struktura!$B:$T,19,FALSE)) -> 0 | BF78: =IFERROR(IF(BD15=0,0,VLOOKUP(BD15,šifrant!$A:$H,7,FALSE)*BF15),0.001) -> 0 | BH78: =VLOOKUP(BH15,struktura!$B:$S,18,FALSE) -> 0 | BI78: =IF(BH78=0,0,BJ15*VLOOKUP(BH15,struktura!$B:$T,19,FALSE)) -> 0 | BJ78: =IFERROR(IF(BH15=0,0,VLOOKUP(BH15,šifrant!$A:$H,7,FALSE)*BJ15),0.001) -> 0 | BL78: =VLOOKUP(BL15,struktura!$B:$S,18,FALSE) -> 1R14004 | BM78: =IF(BL78=0,0,BN15*VLOOKUP(BL15,struktura!$B:$T,19,FALSE)) -> 536.7479 | BN78: =IFERROR(IF(BL15=0,0,VLOOKUP(BL15,šifrant!$A:$H,7,FALSE)*BN15),0.001) -> 2384.64 | BP78: =VLOOKUP(BP15,struktura!$B:$S,18,FALSE) -> 1R14004 | BQ78: =IF(BP78=0,0,BR15*VLOOKUP(BP15,struktura!$B:$T,19,FALSE)) -> 536.7479 | BR78: =IFERROR(IF(BP15=0,0,VLOOKUP(BP15,šifrant!$A:$H,7,FALSE)*BR15),0.001) -> 2384.64 | BT78: =VLOOKUP(BT15,struktura!$B:$S,18,FALSE) -> 1R14004 | BU78: =IF(BT78=0,0,BV15*VLOOKUP(BT15,struktura!$B:$T,19,FALSE)) -> 536.7479 | BV78: =IFERROR(IF(BT15=0,0,VLOOKUP(BT15,šifrant!$A:$H,7,FALSE)*BV15),0.001) -> 2384.64 | BX78: =VLOOKUP(BX15,struktura!$B:$S,18,FALSE) -> 1R14004 | BY78: =IF(BX78=0,0,BZ15*VLOOKUP(BX15,struktura!$B:$T,19,FALSE)) -> 536.7479 | BZ78: =IFERROR(IF(BX15=0,0,VLOOKUP(BX15,šifrant!$A:$H,7,FALSE)*BZ15),0.001) -> 2384.64 | CB78: =VLOOKUP(CB15,struktura!$B:$S,18,FALSE) -> 1R14004 | CC78: =IF(CB78=0,0,CD15*VLOOKUP(CB15,struktura!$B:$T,19,FALSE)) -> 682.2144 | CD78: =IFERROR(IF(CB15=0,0,VLOOKUP(CB15,šifrant!$A:$H,7,FALSE)*CD15),0.001) -> 2678.4 | CF78: =VLOOKUP(CF15,struktura!$B:$S,18,FALSE) -> 1R14004 | CG78: =IF(CF78=0,0,CH15*VLOOKUP(CF15,struktura!$B:$T,19,FALSE)) -> 682.2144 | CH78: =IFERROR(IF(CF15=0,0,VLOOKUP(CF15,šifrant!$A:$H,7,FALSE)*CH15),0.001) -> 2678.4 | CJ78: =VLOOKUP(CJ15,struktura!$B:$S,18,FALSE) -> 1R14004 | CK78: =IF(CJ78=0,0,CL15*VLOOKUP(CJ15,struktura!$B:$T,19,FALSE)) -> 682.2144 | CL78: =IFERROR(IF(CJ15=0,0,VLOOKUP(CJ15,šifrant!$A:$H,7,FALSE)*CL15),0.001) -> 2678.4 | CN78: =VLOOKUP(CN15,struktura!$B:$S,18,FALSE) -> 1R14004 | CO78: =IF(CN78=0,0,CP15*VLOOKUP(CN15,struktura!$B:$T,19,FALSE)) -> 682.2144 | CP78: =IFERROR(IF(CN15=0,0,VLOOKUP(CN15,šifrant!$A:$H,7,FALSE)*CP15),0.001) -> 2678.4 | CR78: =VLOOKUP(CR15,struktura!$B:$S,18,FALSE) -> 0 | CS78: =IF(CR78=0,0,CT15*VLOOKUP(CR15,struktura!$B:$T,19,FALSE)) -> 0 | CT78: =IFERROR(IF(CR15=0,0,VLOOKUP(CR15,šifrant!$A:$H,7,FALSE)*CT15),0.001) -> 0 | CV78: =VLOOKUP(CV15,struktura!$B:$S,18,FALSE) -> 0 | CW78: =IF(CV78=0,0,CX15*VLOOKUP(CV15,struktura!$B:$T,19,FALSE)) -> 0 | CX78: =IFERROR(IF(CV15=0,0,VLOOKUP(CV15,šifrant!$A:$H,7,FALSE)*CX15),0.001) -> 0 | CZ78: =VLOOKUP(CZ15,struktura!$B:$S,18,FALSE) -> 0 | DA78: =IF(CZ78=0,0,DB15*VLOOKUP(CZ15,struktura!$B:$T,19,FALSE)) -> 0 | DB78: =IFERROR(IF(CZ15=0,0,VLOOKUP(CZ15,šifrant!$A:$H,7,FALSE)*DB15),0.001) -> 0 | DD78: =VLOOKUP(DD15,struktura!$B:$S,18,FALSE) -> 0 | DE78: =IF(DD78=0,0,DF15*VLOOKUP(DD15,struktura!$B:$T,19,FALSE)) -> 0 | DF78: =IFERROR(IF(DD15=0,0,VLOOKUP(DD15,šifrant!$A:$H,7,FALSE)*DF15),0.001) -> 0 | DH78: =VLOOKUP(DH15,struktura!$B:$S,18,FALSE) -> 0 | DI78: =IF(DH78=0,0,DJ15*VLOOKUP(DH15,struktura!$B:$T,19,FALSE)) -> 0 | DJ78: =IFERROR(IF(DH15=0,0,VLOOKUP(DH15,šifrant!$A:$H,7,FALSE)*DJ15),0.001) -> 0 | DL78: =VLOOKUP(DL15,struktura!$B:$S,18,FALSE) -> 0 | DM78: =IF(DL78=0,0,DN15*VLOOKUP(DL15,struktura!$B:$T,19,FALSE)) -> 0 | DN78: =IFERROR(IF(DL15=0,0,VLOOKUP(DL15,šifrant!$A:$H,7,FALSE)*DN15),0.001) -> 0 | DP78: =VLOOKUP(DP15,struktura!$B:$S,18,FALSE) -> 0 | DQ78: =IF(DP78=0,0,DR15*VLOOKUP(DP15,struktura!$B:$T,19,FALSE)) -> 0 | DR78: =IFERROR(IF(DP15=0,0,VLOOKUP(DP15,šifrant!$A:$H,7,FALSE)*DR15),0.001) -> 0
A80: 13 | B80: EN 500 R | C80: 1 | D80: =VLOOKUP(D17,struktura!$B:$S,18,FALSE) -> 0 | E80: =IF(D80=0,0,F17*VLOOKUP(D17,struktura!$B:$T,19,FALSE)) -> 0 | F80: =IFERROR(IF(D17=0,0,VLOOKUP(D17,šifrant!$A:$H,7,FALSE)*F17),0.001) -> 0 | H80: =VLOOKUP(H17,struktura!$B:$S,18,FALSE) -> 1R14091 | I80: =IF(H80=0,0,J17*VLOOKUP(H17,struktura!$B:$T,19,FALSE)) -> 576.81 | J80: =IFERROR(IF(H17=0,0,VLOOKUP(H17,šifrant!$A:$H,7,FALSE)*J17),0.001) -> 3243.6 | L80: =VLOOKUP(L17,struktura!$B:$S,18,FALSE) -> 1R14091 | M80: =IF(L80=0,0,N17*VLOOKUP(L17,struktura!$B:$T,19,FALSE)) -> 576.81 | N80: =IFERROR(IF(L17=0,0,VLOOKUP(L17,šifrant!$A:$H,7,FALSE)*N17),0.001) -> 3243.6 | P80: =VLOOKUP(P17,struktura!$B:$S,18,FALSE) -> 1R14091 | Q80: =IF(P80=0,0,R17*VLOOKUP(P17,struktura!$B:$T,19,FALSE)) -> 576.81 | R80: =IFERROR(IF(P17=0,0,VLOOKUP(P17,šifrant!$A:$H,7,FALSE)*R17),0.001) -> 3243.6 | T80: =VLOOKUP(T17,struktura!$B:$S,18,FALSE) -> 1R14091 | U80: =IF(T80=0,0,V17*VLOOKUP(T17,struktura!$B:$T,19,FALSE)) -> 359.3271 | V80: =IFERROR(IF(T17=0,0,VLOOKUP(T17,šifrant!$A:$H,7,FALSE)*V17),0.001) -> 2772.3364 | X80: =VLOOKUP(X17,struktura!$B:$S,18,FALSE) -> 1R14091 | Y80: =IF(X80=0,0,Z17*VLOOKUP(X17,struktura!$B:$T,19,FALSE)) -> 400.5 | Z80: =IFERROR(IF(X17=0,0,VLOOKUP(X17,šifrant!$A:$H,7,FALSE)*Z17),0.001) -> 3165 | AB80: =VLOOKUP(AB17,struktura!$B:$S,18,FALSE) -> 1R14091 | AC80: =IF(AB80=0,0,AD17*VLOOKUP(AB17,struktura!$B:$T,19,FALSE)) -> 400.5 | AD80: =IFERROR(IF(AB17=0,0,VLOOKUP(AB17,šifrant!$A:$H,7,FALSE)*AD17),0.001) -> 3165 | AF80: =VLOOKUP(AF17,struktura!$B:$S,18,FALSE) -> 1R14091 | AG80: =IF(AF80=0,0,AH17*VLOOKUP(AF17,struktura!$B:$T,19,FALSE)) -> 400.5 | AH80: =IFERROR(IF(AF17=0,0,VLOOKUP(AF17,šifrant!$A:$H,7,FALSE)*AH17),0.001) -> 3165 | AJ80: =VLOOKUP(AJ17,struktura!$B:$S,18,FALSE) -> 1R14091 | AK80: =IF(AJ80=0,0,AL17*VLOOKUP(AJ17,struktura!$B:$T,19,FALSE)) -> 400.5 | AL80: =IFERROR(IF(AJ17=0,0,VLOOKUP(AJ17,šifrant!$A:$H,7,FALSE)*AL17),0.001) -> 3165 | AN80: =VLOOKUP(AN17,struktura!$B:$S,18,FALSE) -> 1R14005 | AO80: =IF(AN80=0,0,AP17*VLOOKUP(AN17,struktura!$B:$T,19,FALSE)) -> 398.78579 | AP80: =IFERROR(IF(AN17=0,0,VLOOKUP(AN17,šifrant!$A:$H,7,FALSE)*AP17),0.001) -> 2785.7944 | AR80: =VLOOKUP(AR17,struktura!$B:$S,18,FALSE) -> 1R14005 | AS80: =IF(AR80=0,0,AT17*VLOOKUP(AR17,struktura!$B:$T,19,FALSE)) -> 398.78579 | AT80: =IFERROR(IF(AR17=0,0,VLOOKUP(AR17,šifrant!$A:$H,7,FALSE)*AT17),0.001) -> 2785.7944 | AV80: =VLOOKUP(AV17,struktura!$B:$S,18,FALSE) -> 0 | AW80: =IF(AV80=0,0,AX17*VLOOKUP(AV17,struktura!$B:$T,19,FALSE)) -> 0 | AX80: =IFERROR(IF(AV17=0,0,VLOOKUP(AV17,šifrant!$A:$H,7,FALSE)*AX17),0.001) -> 0 | AZ80: =VLOOKUP(AZ17,struktura!$B:$S,18,FALSE) -> 0 | BA80: =IF(AZ80=0,0,BB17*VLOOKUP(AZ17,struktura!$B:$T,19,FALSE)) -> 0 | BB80: =IFERROR(IF(AZ17=0,0,VLOOKUP(AZ17,šifrant!$A:$H,7,FALSE)*BB17),0.001) -> 0 | BD80: =VLOOKUP(BD17,struktura!$B:$S,18,FALSE) -> 1R14091 | BE80: =IF(BD80=0,0,BF17*VLOOKUP(BD17,struktura!$B:$T,19,FALSE)) -> 582.80136 | BF80: =IFERROR(IF(BD17=0,0,VLOOKUP(BD17,šifrant!$A:$H,7,FALSE)*BF17),0.001) -> 2814.9153 | BH80: =VLOOKUP(BH17,struktura!$B:$S,18,FALSE) -> 1R14091 | BI80: =IF(BH80=0,0,BJ17*VLOOKUP(BH17,struktura!$B:$T,19,FALSE)) -> 582.80136 | BJ80: =IFERROR(IF(BH17=0,0,VLOOKUP(BH17,šifrant!$A:$H,7,FALSE)*BJ17),0.001) -> 2814.9153 | BL80: =VLOOKUP(BL17,struktura!$B:$S,18,FALSE) -> 1R14091 | BM80: =IF(BL80=0,0,BN17*VLOOKUP(BL17,struktura!$B:$T,19,FALSE)) -> 582.80136 | BN80: =IFERROR(IF(BL17=0,0,VLOOKUP(BL17,šifrant!$A:$H,7,FALSE)*BN17),0.001) -> 2814.9153 | BP80: =VLOOKUP(BP17,struktura!$B:$S,18,FALSE) -> 1R14091 | BQ80: =IF(BP80=0,0,BR17*VLOOKUP(BP17,struktura!$B:$T,19,FALSE)) -> 582.80136 | BR80: =IFERROR(IF(BP17=0,0,VLOOKUP(BP17,šifrant!$A:$H,7,FALSE)*BR17),0.001) -> 2814.9153 | BT80: =VLOOKUP(BT17,struktura!$B:$S,18,FALSE) -> 1R14091 | BU80: =IF(BT80=0,0,BV17*VLOOKUP(BT17,struktura!$B:$T,19,FALSE)) -> 582.80136 | BV80: =IFERROR(IF(BT17=0,0,VLOOKUP(BT17,šifrant!$A:$H,7,FALSE)*BV17),0.001) -> 2814.9153 | BX80: =VLOOKUP(BX17,struktura!$B:$S,18,FALSE) -> 1R14091 | BY80: =IF(BX80=0,0,BZ17*VLOOKUP(BX17,struktura!$B:$T,19,FALSE)) -> 571.6368 | BZ80: =IFERROR(IF(BX17=0,0,VLOOKUP(BX17,šifrant!$A:$H,7,FALSE)*BZ17),0.001) -> 3529.8 | CB80: =VLOOKUP(CB17,struktura!$B:$S,18,FALSE) -> 1R14091 | CC80: =IF(CB80=0,0,CD17*VLOOKUP(CB17,struktura!$B:$T,19,FALSE)) -> 571.6368 | CD80: =IFERROR(IF(CB17=0,0,VLOOKUP(CB17,šifrant!$A:$H,7,FALSE)*CD17),0.001) -> 3529.8 | CF80: =VLOOKUP(CF17,struktura!$B:$S,18,FALSE) -> 1R14091 | CG80: =IF(CF80=0,0,CH17*VLOOKUP(CF17,struktura!$B:$T,19,FALSE)) -> 571.6368 | CH80: =IFERROR(IF(CF17=0,0,VLOOKUP(CF17,šifrant!$A:$H,7,FALSE)*CH17),0.001) -> 3529.8 | CJ80: =VLOOKUP(CJ17,struktura!$B:$S,18,FALSE) -> 1R14091 | CK80: =IF(CJ80=0,0,CL17*VLOOKUP(CJ17,struktura!$B:$T,19,FALSE)) -> 571.6368 | CL80: =IFERROR(IF(CJ17=0,0,VLOOKUP(CJ17,šifrant!$A:$H,7,FALSE)*CL17),0.001) -> 3529.8 | CN80: =VLOOKUP(CN17,struktura!$B:$S,18,FALSE) -> 1R14091 | CO80: =IF(CN80=0,0,CP17*VLOOKUP(CN17,struktura!$B:$T,19,FALSE)) -> 571.6368 | CP80: =IFERROR(IF(CN17=0,0,VLOOKUP(CN17,šifrant!$A:$H,7,FALSE)*CP17),0.001) -> 3529.8 | CR80: =VLOOKUP(CR17,struktura!$B:$S,18,FALSE) -> 1R14091 | CS80: =IF(CR80=0,0,CT17*VLOOKUP(CR17,struktura!$B:$T,19,FALSE)) -> 571.6368 | CT80: =IFERROR(IF(CR17=0,0,VLOOKUP(CR17,šifrant!$A:$H,7,FALSE)*CT17),0.001) -> 3529.8 | CV80: =VLOOKUP(CV17,struktura!$B:$S,18,FALSE) -> 0 | CW80: =IF(CV80=0,0,CX17*VLOOKUP(CV17,struktura!$B:$T,19,FALSE)) -> 0 | CX80: =IFERROR(IF(CV17=0,0,VLOOKUP(CV17,šifrant!$A:$H,7,FALSE)*CX17),0.001) -> 0 | CZ80: =VLOOKUP(CZ17,struktura!$B:$S,18,FALSE) -> 0 | DA80: =IF(CZ80=0,0,DB17*VLOOKUP(CZ17,struktura!$B:$T,19,FALSE)) -> 0 | DB80: =IFERROR(IF(CZ17=0,0,VLOOKUP(CZ17,šifrant!$A:$H,7,FALSE)*DB17),0.001) -> 0 | DD80: =VLOOKUP(DD17,struktura!$B:$S,18,FALSE) -> 0 | DE80: =IF(DD80=0,0,DF17*VLOOKUP(DD17,struktura!$B:$T,19,FALSE)) -> 0 | DF80: =IFERROR(IF(DD17=0,0,VLOOKUP(DD17,šifrant!$A:$H,7,FALSE)*DF17),0.001) -> 0 | DH80: =VLOOKUP(DH17,struktura!$B:$S,18,FALSE) -> 0 | DI80: =IF(DH80=0,0,DJ17*VLOOKUP(DH17,struktura!$B:$T,19,FALSE)) -> 0 | DJ80: =IFERROR(IF(DH17=0,0,VLOOKUP(DH17,šifrant!$A:$H,7,FALSE)*DJ17),0.001) -> 0 | DL80: =VLOOKUP(DL17,struktura!$B:$S,18,FALSE) -> 0 | DM80: =IF(DL80=0,0,DN17*VLOOKUP(DL17,struktura!$B:$T,19,FALSE)) -> 0 | DN80: =IFERROR(IF(DL17=0,0,VLOOKUP(DL17,šifrant!$A:$H,7,FALSE)*DN17),0.001) -> 0 | DP80: =VLOOKUP(DP17,struktura!$B:$S,18,FALSE) -> 0 | DQ80: =IF(DP80=0,0,DR17*VLOOKUP(DP17,struktura!$B:$T,19,FALSE)) -> 0 | DR80: =IFERROR(IF(DP17=0,0,VLOOKUP(DP17,šifrant!$A:$H,7,FALSE)*DR17),0.001) -> 0
A82: 4 | B82: EN 600 R | C82: 1 | D82: =VLOOKUP(D19,struktura!$B:$S,18,FALSE) -> 0 | E82: =IF(D82=0,0,F19*VLOOKUP(D19,struktura!$B:$T,19,FALSE)) -> 0 | F82: =IFERROR(IF(D19=0,0,VLOOKUP(D19,šifrant!$A:$H,7,FALSE)*F19),0.001) -> 0 | H82: =VLOOKUP(H19,struktura!$B:$S,18,FALSE) -> 1R03058 | I82: =IF(H82=0,0,J19*VLOOKUP(H19,struktura!$B:$T,19,FALSE)) -> 900 | J82: =IFERROR(IF(H19=0,0,VLOOKUP(H19,šifrant!$A:$H,7,FALSE)*J19),0.001) -> 2775 | L82: =VLOOKUP(L19,struktura!$B:$S,18,FALSE) -> 1R03058 | M82: =IF(L82=0,0,N19*VLOOKUP(L19,struktura!$B:$T,19,FALSE)) -> 900 | N82: =IFERROR(IF(L19=0,0,VLOOKUP(L19,šifrant!$A:$H,7,FALSE)*N19),0.001) -> 2775 | P82: =VLOOKUP(P19,struktura!$B:$S,18,FALSE) -> 0 | Q82: =IF(P82=0,0,R19*VLOOKUP(P19,struktura!$B:$T,19,FALSE)) -> 0 | R82: =IFERROR(IF(P19=0,0,VLOOKUP(P19,šifrant!$A:$H,7,FALSE)*R19),0.001) -> 0 | T82: =VLOOKUP(T19,struktura!$B:$S,18,FALSE) -> 1R03057 | U82: =IF(T82=0,0,V19*VLOOKUP(T19,struktura!$B:$T,19,FALSE)) -> 900 | V82: =IFERROR(IF(T19=0,0,VLOOKUP(T19,šifrant!$A:$H,7,FALSE)*V19),0.001) -> 4950 | X82: =VLOOKUP(X19,struktura!$B:$S,18,FALSE) -> 1R03057 | Y82: =IF(X82=0,0,Z19*VLOOKUP(X19,struktura!$B:$T,19,FALSE)) -> 900 | Z82: =IFERROR(IF(X19=0,0,VLOOKUP(X19,šifrant!$A:$H,7,FALSE)*Z19),0.001) -> 4950 | AB82: =VLOOKUP(AB19,struktura!$B:$S,18,FALSE) -> 1R03057 | AC82: =IF(AB82=0,0,AD19*VLOOKUP(AB19,struktura!$B:$T,19,FALSE)) -> 900 | AD82: =IFERROR(IF(AB19=0,0,VLOOKUP(AB19,šifrant!$A:$H,7,FALSE)*AD19),0.001) -> 4950 | AF82: =VLOOKUP(AF19,struktura!$B:$S,18,FALSE) -> 1R03058 | AG82: =IF(AF82=0,0,AH19*VLOOKUP(AF19,struktura!$B:$T,19,FALSE)) -> 900 | AH82: =IFERROR(IF(AF19=0,0,VLOOKUP(AF19,šifrant!$A:$H,7,FALSE)*AH19),0.001) -> 2775 | AJ82: =VLOOKUP(AJ19,struktura!$B:$S,18,FALSE) -> 1R03058 | AK82: =IF(AJ82=0,0,AL19*VLOOKUP(AJ19,struktura!$B:$T,19,FALSE)) -> 900 | AL82: =IFERROR(IF(AJ19=0,0,VLOOKUP(AJ19,šifrant!$A:$H,7,FALSE)*AL19),0.001) -> 2775 | AN82: =VLOOKUP(AN19,struktura!$B:$S,18,FALSE) -> 1R03058 | AO82: =IF(AN82=0,0,AP19*VLOOKUP(AN19,struktura!$B:$T,19,FALSE)) -> 900 | AP82: =IFERROR(IF(AN19=0,0,VLOOKUP(AN19,šifrant!$A:$H,7,FALSE)*AP19),0.001) -> 2775 | AR82: =VLOOKUP(AR19,struktura!$B:$S,18,FALSE) -> 1R03058 | AS82: =IF(AR82=0,0,AT19*VLOOKUP(AR19,struktura!$B:$T,19,FALSE)) -> 900 | AT82: =IFERROR(IF(AR19=0,0,VLOOKUP(AR19,šifrant!$A:$H,7,FALSE)*AT19),0.001) -> 2775 | AV82: =VLOOKUP(AV19,struktura!$B:$S,18,FALSE) -> 1R03058 | AW82: =IF(AV82=0,0,AX19*VLOOKUP(AV19,struktura!$B:$T,19,FALSE)) -> 900 | AX82: =IFERROR(IF(AV19=0,0,VLOOKUP(AV19,šifrant!$A:$H,7,FALSE)*AX19),0.001) -> 2775 | AZ82: =VLOOKUP(AZ19,struktura!$B:$S,18,FALSE) -> 1R03058 | BA82: =IF(AZ82=0,0,BB19*VLOOKUP(AZ19,struktura!$B:$T,19,FALSE)) -> 900 | BB82: =IFERROR(IF(AZ19=0,0,VLOOKUP(AZ19,šifrant!$A:$H,7,FALSE)*BB19),0.001) -> 2775 | BD82: =VLOOKUP(BD19,struktura!$B:$S,18,FALSE) -> 1R03058 | BE82: =IF(BD82=0,0,BF19*VLOOKUP(BD19,struktura!$B:$T,19,FALSE)) -> 900 | BF82: =IFERROR(IF(BD19=0,0,VLOOKUP(BD19,šifrant!$A:$H,7,FALSE)*BF19),0.001) -> 2775 | BH82: =VLOOKUP(BH19,struktura!$B:$S,18,FALSE) -> 1R03058 | BI82: =IF(BH82=0,0,BJ19*VLOOKUP(BH19,struktura!$B:$T,19,FALSE)) -> 900 | BJ82: =IFERROR(IF(BH19=0,0,VLOOKUP(BH19,šifrant!$A:$H,7,FALSE)*BJ19),0.001) -> 2775 | BL82: =VLOOKUP(BL19,struktura!$B:$S,18,FALSE) -> 1R03058 | BM82: =IF(BL82=0,0,BN19*VLOOKUP(BL19,struktura!$B:$T,19,FALSE)) -> 900 | BN82: =IFERROR(IF(BL19=0,0,VLOOKUP(BL19,šifrant!$A:$H,7,FALSE)*BN19),0.001) -> 2775 | BP82: =VLOOKUP(BP19,struktura!$B:$S,18,FALSE) -> 0 | BQ82: =IF(BP82=0,0,BR19*VLOOKUP(BP19,struktura!$B:$T,19,FALSE)) -> 0 | BR82: =IFERROR(IF(BP19=0,0,VLOOKUP(BP19,šifrant!$A:$H,7,FALSE)*BR19),0.001) -> 0 | BT82: =VLOOKUP(BT19,struktura!$B:$S,18,FALSE) -> 0 | BU82: =IF(BT82=0,0,BV19*VLOOKUP(BT19,struktura!$B:$T,19,FALSE)) -> 0 | BV82: =IFERROR(IF(BT19=0,0,VLOOKUP(BT19,šifrant!$A:$H,7,FALSE)*BV19),0.001) -> 0 | BX82: =VLOOKUP(BX19,struktura!$B:$S,18,FALSE) -> 0 | BY82: =IF(BX82=0,0,BZ19*VLOOKUP(BX19,struktura!$B:$T,19,FALSE)) -> 0 | BZ82: =IFERROR(IF(BX19=0,0,VLOOKUP(BX19,šifrant!$A:$H,7,FALSE)*BZ19),0.001) -> 0 | CB82: =VLOOKUP(CB19,struktura!$B:$S,18,FALSE) -> 0 | CC82: =IF(CB82=0,0,CD19*VLOOKUP(CB19,struktura!$B:$T,19,FALSE)) -> 0 | CD82: =IFERROR(IF(CB19=0,0,VLOOKUP(CB19,šifrant!$A:$H,7,FALSE)*CD19),0.001) -> 0 | CF82: =VLOOKUP(CF19,struktura!$B:$S,18,FALSE) -> 0 | CG82: =IF(CF82=0,0,CH19*VLOOKUP(CF19,struktura!$B:$T,19,FALSE)) -> 0 | CH82: =IFERROR(IF(CF19=0,0,VLOOKUP(CF19,šifrant!$A:$H,7,FALSE)*CH19),0.001) -> 0 | CJ82: =VLOOKUP(CJ19,struktura!$B:$S,18,FALSE) -> 0 | CK82: =IF(CJ82=0,0,CL19*VLOOKUP(CJ19,struktura!$B:$T,19,FALSE)) -> 0 | CL82: =IFERROR(IF(CJ19=0,0,VLOOKUP(CJ19,šifrant!$A:$H,7,FALSE)*CL19),0.001) -> 0 | CN82: =VLOOKUP(CN19,struktura!$B:$S,18,FALSE) -> 1R03058 | CO82: =IF(CN82=0,0,CP19*VLOOKUP(CN19,struktura!$B:$T,19,FALSE)) -> 900 | CP82: =IFERROR(IF(CN19=0,0,VLOOKUP(CN19,šifrant!$A:$H,7,FALSE)*CP19),0.001) -> 2775 | CR82: =VLOOKUP(CR19,struktura!$B:$S,18,FALSE) -> 1R03058 | CS82: =IF(CR82=0,0,CT19*VLOOKUP(CR19,struktura!$B:$T,19,FALSE)) -> 900 | CT82: =IFERROR(IF(CR19=0,0,VLOOKUP(CR19,šifrant!$A:$H,7,FALSE)*CT19),0.001) -> 2775 | CV82: =VLOOKUP(CV19,struktura!$B:$S,18,FALSE) -> 1R03058 | CW82: =IF(CV82=0,0,CX19*VLOOKUP(CV19,struktura!$B:$T,19,FALSE)) -> 900 | CX82: =IFERROR(IF(CV19=0,0,VLOOKUP(CV19,šifrant!$A:$H,7,FALSE)*CX19),0.001) -> 2775 | CZ82: =VLOOKUP(CZ19,struktura!$B:$S,18,FALSE) -> 0 | DA82: =IF(CZ82=0,0,DB19*VLOOKUP(CZ19,struktura!$B:$T,19,FALSE)) -> 0 | DB82: =IFERROR(IF(CZ19=0,0,VLOOKUP(CZ19,šifrant!$A:$H,7,FALSE)*DB19),0.001) -> 0 | DD82: =VLOOKUP(DD19,struktura!$B:$S,18,FALSE) -> 0 | DE82: =IF(DD82=0,0,DF19*VLOOKUP(DD19,struktura!$B:$T,19,FALSE)) -> 0 | DF82: =IFERROR(IF(DD19=0,0,VLOOKUP(DD19,šifrant!$A:$H,7,FALSE)*DF19),0.001) -> 0 | DH82: =VLOOKUP(DH19,struktura!$B:$S,18,FALSE) -> 0 | DI82: =IF(DH82=0,0,DJ19*VLOOKUP(DH19,struktura!$B:$T,19,FALSE)) -> 0 | DJ82: =IFERROR(IF(DH19=0,0,VLOOKUP(DH19,šifrant!$A:$H,7,FALSE)*DJ19),0.001) -> 0 | DL82: =VLOOKUP(DL19,struktura!$B:$S,18,FALSE) -> 0 | DM82: =IF(DL82=0,0,DN19*VLOOKUP(DL19,struktura!$B:$T,19,FALSE)) -> 0 | DN82: =IFERROR(IF(DL19=0,0,VLOOKUP(DL19,šifrant!$A:$H,7,FALSE)*DN19),0.001) -> 0 | DP82: =VLOOKUP(DP19,struktura!$B:$S,18,FALSE) -> 0 | DQ82: =IF(DP82=0,0,DR19*VLOOKUP(DP19,struktura!$B:$T,19,FALSE)) -> 0 | DR82: =IFERROR(IF(DP19=0,0,VLOOKUP(DP19,šifrant!$A:$H,7,FALSE)*DR19),0.001) -> 0
A84: 5 | B84: KM 300 R | C84: 1 | D84: =VLOOKUP(D21,struktura!$B:$S,18,FALSE) -> 0 | E84: =IF(D84=0,0,F21*VLOOKUP(D21,struktura!$B:$T,19,FALSE)) -> 0 | F84: =IFERROR(IF(D21=0,0,VLOOKUP(D21,šifrant!$A:$H,7,FALSE)*F21),0.001) -> 0 | H84: =VLOOKUP(H21,struktura!$B:$S,18,FALSE) -> 0 | I84: =IF(H84=0,0,J21*VLOOKUP(H21,struktura!$B:$T,19,FALSE)) -> 0 | J84: =IFERROR(IF(H21=0,0,VLOOKUP(H21,šifrant!$A:$H,7,FALSE)*J21),0.001) -> 0 | L84: =VLOOKUP(L21,struktura!$B:$S,18,FALSE) -> 0 | M84: =IF(L84=0,0,N21*VLOOKUP(L21,struktura!$B:$T,19,FALSE)) -> 0 | N84: =IFERROR(IF(L21=0,0,VLOOKUP(L21,šifrant!$A:$H,7,FALSE)*N21),0.001) -> 0 | P84: =VLOOKUP(P21,struktura!$B:$S,18,FALSE) -> 0 | Q84: =IF(P84=0,0,R21*VLOOKUP(P21,struktura!$B:$T,19,FALSE)) -> 0 | R84: =IFERROR(IF(P21=0,0,VLOOKUP(P21,šifrant!$A:$H,7,FALSE)*R21),0.001) -> 0 | T84: =VLOOKUP(T21,struktura!$B:$S,18,FALSE) -> 0 | U84: =IF(T84=0,0,V21*VLOOKUP(T21,struktura!$B:$T,19,FALSE)) -> 0 | V84: =IFERROR(IF(T21=0,0,VLOOKUP(T21,šifrant!$A:$H,7,FALSE)*V21),0.001) -> 0 | X84: =VLOOKUP(X21,struktura!$B:$S,18,FALSE) -> 0 | Y84: =IF(X84=0,0,Z21*VLOOKUP(X21,struktura!$B:$T,19,FALSE)) -> 0 | Z84: =IFERROR(IF(X21=0,0,VLOOKUP(X21,šifrant!$A:$H,7,FALSE)*Z21),0.001) -> 0 | AB84: =VLOOKUP(AB21,struktura!$B:$S,18,FALSE) -> 0 | AC84: =IF(AB84=0,0,AD21*VLOOKUP(AB21,struktura!$B:$T,19,FALSE)) -> 0 | AD84: =IFERROR(IF(AB21=0,0,VLOOKUP(AB21,šifrant!$A:$H,7,FALSE)*AD21),0.001) -> 0 | AF84: =VLOOKUP(AF21,struktura!$B:$S,18,FALSE) -> 0 | AG84: =IF(AF84=0,0,AH21*VLOOKUP(AF21,struktura!$B:$T,19,FALSE)) -> 0 | AH84: =IFERROR(IF(AF21=0,0,VLOOKUP(AF21,šifrant!$A:$H,7,FALSE)*AH21),0.001) -> 0 | AJ84: =VLOOKUP(AJ21,struktura!$B:$S,18,FALSE) -> 0 | AK84: =IF(AJ84=0,0,AL21*VLOOKUP(AJ21,struktura!$B:$T,19,FALSE)) -> 0 | AL84: =IFERROR(IF(AJ21=0,0,VLOOKUP(AJ21,šifrant!$A:$H,7,FALSE)*AL21),0.001) -> 0 | AN84: =VLOOKUP(AN21,struktura!$B:$S,18,FALSE) -> 0 | AO84: =IF(AN84=0,0,AP21*VLOOKUP(AN21,struktura!$B:$T,19,FALSE)) -> 0 | AP84: =IFERROR(IF(AN21=0,0,VLOOKUP(AN21,šifrant!$A:$H,7,FALSE)*AP21),0.001) -> 0 | AR84: =VLOOKUP(AR21,struktura!$B:$S,18,FALSE) -> 0 | AS84: =IF(AR84=0,0,AT21*VLOOKUP(AR21,struktura!$B:$T,19,FALSE)) -> 0 | AT84: =IFERROR(IF(AR21=0,0,VLOOKUP(AR21,šifrant!$A:$H,7,FALSE)*AT21),0.001) -> 0 | AV84: =VLOOKUP(AV21,struktura!$B:$S,18,FALSE) -> 0 | AW84: =IF(AV84=0,0,AX21*VLOOKUP(AV21,struktura!$B:$T,19,FALSE)) -> 0 | AX84: =IFERROR(IF(AV21=0,0,VLOOKUP(AV21,šifrant!$A:$H,7,FALSE)*AX21),0.001) -> 0 | AZ84: =VLOOKUP(AZ21,struktura!$B:$S,18,FALSE) -> 0 | BA84: =IF(AZ84=0,0,BB21*VLOOKUP(AZ21,struktura!$B:$T,19,FALSE)) -> 0 | BB84: =IFERROR(IF(AZ21=0,0,VLOOKUP(AZ21,šifrant!$A:$H,7,FALSE)*BB21),0.001) -> 0 | BD84: =VLOOKUP(BD21,struktura!$B:$S,18,FALSE) -> 0 | BE84: =IF(BD84=0,0,BF21*VLOOKUP(BD21,struktura!$B:$T,19,FALSE)) -> 0 | BF84: =IFERROR(IF(BD21=0,0,VLOOKUP(BD21,šifrant!$A:$H,7,FALSE)*BF21),0.001) -> 0 | BH84: =VLOOKUP(BH21,struktura!$B:$S,18,FALSE) -> 0 | BI84: =IF(BH84=0,0,BJ21*VLOOKUP(BH21,struktura!$B:$T,19,FALSE)) -> 0 | BJ84: =IFERROR(IF(BH21=0,0,VLOOKUP(BH21,šifrant!$A:$H,7,FALSE)*BJ21),0.001) -> 0 | BL84: =VLOOKUP(BL21,struktura!$B:$S,18,FALSE) -> 0 | BM84: =IF(BL84=0,0,BN21*VLOOKUP(BL21,struktura!$B:$T,19,FALSE)) -> 0 | BN84: =IFERROR(IF(BL21=0,0,VLOOKUP(BL21,šifrant!$A:$H,7,FALSE)*BN21),0.001) -> 0 | BP84: =VLOOKUP(BP21,struktura!$B:$S,18,FALSE) -> 0 | BQ84: =IF(BP84=0,0,BR21*VLOOKUP(BP21,struktura!$B:$T,19,FALSE)) -> 0 | BR84: =IFERROR(IF(BP21=0,0,VLOOKUP(BP21,šifrant!$A:$H,7,FALSE)*BR21),0.001) -> 0 | BT84: =VLOOKUP(BT21,struktura!$B:$S,18,FALSE) -> 0 | BU84: =IF(BT84=0,0,BV21*VLOOKUP(BT21,struktura!$B:$T,19,FALSE)) -> 0 | BV84: =IFERROR(IF(BT21=0,0,VLOOKUP(BT21,šifrant!$A:$H,7,FALSE)*BV21),0.001) -> 0 | BX84: =VLOOKUP(BX21,struktura!$B:$S,18,FALSE) -> 0 | BY84: =IF(BX84=0,0,BZ21*VLOOKUP(BX21,struktura!$B:$T,19,FALSE)) -> 0 | BZ84: =IFERROR(IF(BX21=0,0,VLOOKUP(BX21,šifrant!$A:$H,7,FALSE)*BZ21),0.001) -> 0 | CB84: =VLOOKUP(CB21,struktura!$B:$S,18,FALSE) -> 0 | CC84: =IF(CB84=0,0,CD21*VLOOKUP(CB21,struktura!$B:$T,19,FALSE)) -> 0 | CD84: =IFERROR(IF(CB21=0,0,VLOOKUP(CB21,šifrant!$A:$H,7,FALSE)*CD21),0.001) -> 0 | CF84: =VLOOKUP(CF21,struktura!$B:$S,18,FALSE) -> 0 | CG84: =IF(CF84=0,0,CH21*VLOOKUP(CF21,struktura!$B:$T,19,FALSE)) -> 0 | CH84: =IFERROR(IF(CF21=0,0,VLOOKUP(CF21,šifrant!$A:$H,7,FALSE)*CH21),0.001) -> 0 | CJ84: =VLOOKUP(CJ21,struktura!$B:$S,18,FALSE) -> 0 | CK84: =IF(CJ84=0,0,CL21*VLOOKUP(CJ21,struktura!$B:$T,19,FALSE)) -> 0 | CL84: =IFERROR(IF(CJ21=0,0,VLOOKUP(CJ21,šifrant!$A:$H,7,FALSE)*CL21),0.001) -> 0 | CN84: =VLOOKUP(CN21,struktura!$B:$S,18,FALSE) -> 0 | CO84: =IF(CN84=0,0,CP21*VLOOKUP(CN21,struktura!$B:$T,19,FALSE)) -> 0 | CP84: =IFERROR(IF(CN21=0,0,VLOOKUP(CN21,šifrant!$A:$H,7,FALSE)*CP21),0.001) -> 0 | CR84: =VLOOKUP(CR21,struktura!$B:$S,18,FALSE) -> 0 | CS84: =IF(CR84=0,0,CT21*VLOOKUP(CR21,struktura!$B:$T,19,FALSE)) -> 0 | CT84: =IFERROR(IF(CR21=0,0,VLOOKUP(CR21,šifrant!$A:$H,7,FALSE)*CT21),0.001) -> 0 | CV84: =VLOOKUP(CV21,struktura!$B:$S,18,FALSE) -> 0 | CW84: =IF(CV84=0,0,CX21*VLOOKUP(CV21,struktura!$B:$T,19,FALSE)) -> 0 | CX84: =IFERROR(IF(CV21=0,0,VLOOKUP(CV21,šifrant!$A:$H,7,FALSE)*CX21),0.001) -> 0 | CZ84: =VLOOKUP(CZ21,struktura!$B:$S,18,FALSE) -> 0 | DA84: =IF(CZ84=0,0,DB21*VLOOKUP(CZ21,struktura!$B:$T,19,FALSE)) -> 0 | DB84: =IFERROR(IF(CZ21=0,0,VLOOKUP(CZ21,šifrant!$A:$H,7,FALSE)*DB21),0.001) -> 0 | DD84: =VLOOKUP(DD21,struktura!$B:$S,18,FALSE) -> 0 | DE84: =IF(DD84=0,0,DF21*VLOOKUP(DD21,struktura!$B:$T,19,FALSE)) -> 0 | DF84: =IFERROR(IF(DD21=0,0,VLOOKUP(DD21,šifrant!$A:$H,7,FALSE)*DF21),0.001) -> 0 | DH84: =VLOOKUP(DH21,struktura!$B:$S,18,FALSE) -> 0 | DI84: =IF(DH84=0,0,DJ21*VLOOKUP(DH21,struktura!$B:$T,19,FALSE)) -> 0 | DJ84: =IFERROR(IF(DH21=0,0,VLOOKUP(DH21,šifrant!$A:$H,7,FALSE)*DJ21),0.001) -> 0 | DL84: =VLOOKUP(DL21,struktura!$B:$S,18,FALSE) -> 0 | DM84: =IF(DL84=0,0,DN21*VLOOKUP(DL21,struktura!$B:$T,19,FALSE)) -> 0 | DN84: =IFERROR(IF(DL21=0,0,VLOOKUP(DL21,šifrant!$A:$H,7,FALSE)*DN21),0.001) -> 0 | DP84: =VLOOKUP(DP21,struktura!$B:$S,18,FALSE) -> 0 | DQ84: =IF(DP84=0,0,DR21*VLOOKUP(DP21,struktura!$B:$T,19,FALSE)) -> 0 | DR84: =IFERROR(IF(DP21=0,0,VLOOKUP(DP21,šifrant!$A:$H,7,FALSE)*DR21),0.001) -> 0
A86: 6 | B86: KM 200 R | C86: 1 | D86: =VLOOKUP(D23,struktura!$B:$S,18,FALSE) -> 0 | E86: =IF(D86=0,0,F23*VLOOKUP(D23,struktura!$B:$T,19,FALSE)) -> 0 | F86: =IFERROR(IF(D23=0,0,VLOOKUP(D23,šifrant!$A:$H,7,FALSE)*F23),0.001) -> 0 | H86: =VLOOKUP(H23,struktura!$B:$S,18,FALSE) -> 1R14111 | I86: =IF(H86=0,0,J23*VLOOKUP(H23,struktura!$B:$T,19,FALSE)) -> 121.09255 | J86: =IFERROR(IF(H23=0,0,VLOOKUP(H23,šifrant!$A:$H,7,FALSE)*J23),0.001) -> 924 | L86: =VLOOKUP(L23,struktura!$B:$S,18,FALSE) -> 1R06021 | M86: =IF(L86=0,0,N23*VLOOKUP(L23,struktura!$B:$T,19,FALSE)) -> 199.98157 | N86: =IFERROR(IF(L23=0,0,VLOOKUP(L23,šifrant!$A:$H,7,FALSE)*N23),0.001) -> 1721.7391 | P86: =VLOOKUP(P23,struktura!$B:$S,18,FALSE) -> 1R06021 | Q86: =IF(P86=0,0,R23*VLOOKUP(P23,struktura!$B:$T,19,FALSE)) -> 199.98157 | R86: =IFERROR(IF(P23=0,0,VLOOKUP(P23,šifrant!$A:$H,7,FALSE)*R23),0.001) -> 1721.7391 | T86: =VLOOKUP(T23,struktura!$B:$S,18,FALSE) -> 1R06021 | U86: =IF(T86=0,0,V23*VLOOKUP(T23,struktura!$B:$T,19,FALSE)) -> 199.98157 | V86: =IFERROR(IF(T23=0,0,VLOOKUP(T23,šifrant!$A:$H,7,FALSE)*V23),0.001) -> 1721.7391 | X86: =VLOOKUP(X23,struktura!$B:$S,18,FALSE) -> 1R06021 | Y86: =IF(X86=0,0,Z23*VLOOKUP(X23,struktura!$B:$T,19,FALSE)) -> 199.98157 | Z86: =IFERROR(IF(X23=0,0,VLOOKUP(X23,šifrant!$A:$H,7,FALSE)*Z23),0.001) -> 1721.7391 | AB86: =VLOOKUP(AB23,struktura!$B:$S,18,FALSE) -> 1R06021 | AC86: =IF(AB86=0,0,AD23*VLOOKUP(AB23,struktura!$B:$T,19,FALSE)) -> 199.98157 | AD86: =IFERROR(IF(AB23=0,0,VLOOKUP(AB23,šifrant!$A:$H,7,FALSE)*AD23),0.001) -> 1721.7391 | AF86: =VLOOKUP(AF23,struktura!$B:$S,18,FALSE) -> 1R06021 | AG86: =IF(AF86=0,0,AH23*VLOOKUP(AF23,struktura!$B:$T,19,FALSE)) -> 199.98157 | AH86: =IFERROR(IF(AF23=0,0,VLOOKUP(AF23,šifrant!$A:$H,7,FALSE)*AH23),0.001) -> 1721.7391 | AJ86: =VLOOKUP(AJ23,struktura!$B:$S,18,FALSE) -> 1R06021 | AK86: =IF(AJ86=0,0,AL23*VLOOKUP(AJ23,struktura!$B:$T,19,FALSE)) -> 199.98157 | AL86: =IFERROR(IF(AJ23=0,0,VLOOKUP(AJ23,šifrant!$A:$H,7,FALSE)*AL23),0.001) -> 1721.7391 | AN86: =VLOOKUP(AN23,struktura!$B:$S,18,FALSE) -> 1R06021 | AO86: =IF(AN86=0,0,AP23*VLOOKUP(AN23,struktura!$B:$T,19,FALSE)) -> 199.98157 | AP86: =IFERROR(IF(AN23=0,0,VLOOKUP(AN23,šifrant!$A:$H,7,FALSE)*AP23),0.001) -> 1721.7391 | AR86: =VLOOKUP(AR23,struktura!$B:$S,18,FALSE) -> 0 | AS86: =IF(AR86=0,0,AT23*VLOOKUP(AR23,struktura!$B:$T,19,FALSE)) -> 0 | AT86: =IFERROR(IF(AR23=0,0,VLOOKUP(AR23,šifrant!$A:$H,7,FALSE)*AT23),0.001) -> 0 | AV86: =VLOOKUP(AV23,struktura!$B:$S,18,FALSE) -> 1R06021 | AW86: =IF(AV86=0,0,AX23*VLOOKUP(AV23,struktura!$B:$T,19,FALSE)) -> 199.98157 | AX86: =IFERROR(IF(AV23=0,0,VLOOKUP(AV23,šifrant!$A:$H,7,FALSE)*AX23),0.001) -> 1721.7391 | AZ86: =VLOOKUP(AZ23,struktura!$B:$S,18,FALSE) -> 1R06021 | BA86: =IF(AZ86=0,0,BB23*VLOOKUP(AZ23,struktura!$B:$T,19,FALSE)) -> 199.98157 | BB86: =IFERROR(IF(AZ23=0,0,VLOOKUP(AZ23,šifrant!$A:$H,7,FALSE)*BB23),0.001) -> 1721.7391 | BD86: =VLOOKUP(BD23,struktura!$B:$S,18,FALSE) -> 1R06021 | BE86: =IF(BD86=0,0,BF23*VLOOKUP(BD23,struktura!$B:$T,19,FALSE)) -> 199.98157 | BF86: =IFERROR(IF(BD23=0,0,VLOOKUP(BD23,šifrant!$A:$H,7,FALSE)*BF23),0.001) -> 1721.7391 | BH86: =VLOOKUP(BH23,struktura!$B:$S,18,FALSE) -> 1R06021 | BI86: =IF(BH86=0,0,BJ23*VLOOKUP(BH23,struktura!$B:$T,19,FALSE)) -> 199.98157 | BJ86: =IFERROR(IF(BH23=0,0,VLOOKUP(BH23,šifrant!$A:$H,7,FALSE)*BJ23),0.001) -> 1721.7391 | BL86: =VLOOKUP(BL23,struktura!$B:$S,18,FALSE) -> 0 | BM86: =IF(BL86=0,0,BN23*VLOOKUP(BL23,struktura!$B:$T,19,FALSE)) -> 0 | BN86: =IFERROR(IF(BL23=0,0,VLOOKUP(BL23,šifrant!$A:$H,7,FALSE)*BN23),0.001) -> 0 | BP86: =VLOOKUP(BP23,struktura!$B:$S,18,FALSE) -> 0 | BQ86: =IF(BP86=0,0,BR23*VLOOKUP(BP23,struktura!$B:$T,19,FALSE)) -> 0 | BR86: =IFERROR(IF(BP23=0,0,VLOOKUP(BP23,šifrant!$A:$H,7,FALSE)*BR23),0.001) -> 0 | BT86: =VLOOKUP(BT23,struktura!$B:$S,18,FALSE) -> 0 | BU86: =IF(BT86=0,0,BV23*VLOOKUP(BT23,struktura!$B:$T,19,FALSE)) -> 0 | BV86: =IFERROR(IF(BT23=0,0,VLOOKUP(BT23,šifrant!$A:$H,7,FALSE)*BV23),0.001) -> 0 | BX86: =VLOOKUP(BX23,struktura!$B:$S,18,FALSE) -> 0 | BY86: =IF(BX86=0,0,BZ23*VLOOKUP(BX23,struktura!$B:$T,19,FALSE)) -> 0 | BZ86: =IFERROR(IF(BX23=0,0,VLOOKUP(BX23,šifrant!$A:$H,7,FALSE)*BZ23),0.001) -> 0 | CB86: =VLOOKUP(CB23,struktura!$B:$S,18,FALSE) -> 0 | CC86: =IF(CB86=0,0,CD23*VLOOKUP(CB23,struktura!$B:$T,19,FALSE)) -> 0 | CD86: =IFERROR(IF(CB23=0,0,VLOOKUP(CB23,šifrant!$A:$H,7,FALSE)*CD23),0.001) -> 0 | CF86: =VLOOKUP(CF23,struktura!$B:$S,18,FALSE) -> 1R06021 | CG86: =IF(CF86=0,0,CH23*VLOOKUP(CF23,struktura!$B:$T,19,FALSE)) -> 199.98157 | CH86: =IFERROR(IF(CF23=0,0,VLOOKUP(CF23,šifrant!$A:$H,7,FALSE)*CH23),0.001) -> 1721.7391 | CJ86: =VLOOKUP(CJ23,struktura!$B:$S,18,FALSE) -> 1R06021 | CK86: =IF(CJ86=0,0,CL23*VLOOKUP(CJ23,struktura!$B:$T,19,FALSE)) -> 199.98157 | CL86: =IFERROR(IF(CJ23=0,0,VLOOKUP(CJ23,šifrant!$A:$H,7,FALSE)*CL23),0.001) -> 1721.7391 | CN86: =VLOOKUP(CN23,struktura!$B:$S,18,FALSE) -> 1R06021 | CO86: =IF(CN86=0,0,CP23*VLOOKUP(CN23,struktura!$B:$T,19,FALSE)) -> 199.98157 | CP86: =IFERROR(IF(CN23=0,0,VLOOKUP(CN23,šifrant!$A:$H,7,FALSE)*CP23),0.001) -> 1721.7391 | CR86: =VLOOKUP(CR23,struktura!$B:$S,18,FALSE) -> 1R06021 | CS86: =IF(CR86=0,0,CT23*VLOOKUP(CR23,struktura!$B:$T,19,FALSE)) -> 199.98157 | CT86: =IFERROR(IF(CR23=0,0,VLOOKUP(CR23,šifrant!$A:$H,7,FALSE)*CT23),0.001) -> 1721.7391 | CV86: =VLOOKUP(CV23,struktura!$B:$S,18,FALSE) -> 1R06021 | CW86: =IF(CV86=0,0,CX23*VLOOKUP(CV23,struktura!$B:$T,19,FALSE)) -> 199.98157 | CX86: =IFERROR(IF(CV23=0,0,VLOOKUP(CV23,šifrant!$A:$H,7,FALSE)*CX23),0.001) -> 1721.7391 | CZ86: =VLOOKUP(CZ23,struktura!$B:$S,18,FALSE) -> 0 | DA86: =IF(CZ86=0,0,DB23*VLOOKUP(CZ23,struktura!$B:$T,19,FALSE)) -> 0 | DB86: =IFERROR(IF(CZ23=0,0,VLOOKUP(CZ23,šifrant!$A:$H,7,FALSE)*DB23),0.001) -> 0 | DD86: =VLOOKUP(DD23,struktura!$B:$S,18,FALSE) -> 0 | DE86: =IF(DD86=0,0,DF23*VLOOKUP(DD23,struktura!$B:$T,19,FALSE)) -> 0 | DF86: =IFERROR(IF(DD23=0,0,VLOOKUP(DD23,šifrant!$A:$H,7,FALSE)*DF23),0.001) -> 0 | DH86: =VLOOKUP(DH23,struktura!$B:$S,18,FALSE) -> 0 | DI86: =IF(DH86=0,0,DJ23*VLOOKUP(DH23,struktura!$B:$T,19,FALSE)) -> 0 | DJ86: =IFERROR(IF(DH23=0,0,VLOOKUP(DH23,šifrant!$A:$H,7,FALSE)*DJ23),0.001) -> 0 | DL86: =VLOOKUP(DL23,struktura!$B:$S,18,FALSE) -> 0 | DM86: =IF(DL86=0,0,DN23*VLOOKUP(DL23,struktura!$B:$T,19,FALSE)) -> 0 | DN86: =IFERROR(IF(DL23=0,0,VLOOKUP(DL23,šifrant!$A:$H,7,FALSE)*DN23),0.001) -> 0 | DP86: =VLOOKUP(DP23,struktura!$B:$S,18,FALSE) -> 0 | DQ86: =IF(DP86=0,0,DR23*VLOOKUP(DP23,struktura!$B:$T,19,FALSE)) -> 0 | DR86: =IFERROR(IF(DP23=0,0,VLOOKUP(DP23,šifrant!$A:$H,7,FALSE)*DR23),0.001) -> 0
